Passedngers,Passengers,Preference,Ratings,coint,coount,count,dropOffLocate,dropOffLocation,id,imageUrl,model,name,pickupLocate,pickupLocation,pricePerDay,pricePerHour,type,vehicel_reviews,vehicle_ratings,vehicle_reviews
,2,Cheap,4.5,,,3,Andheri,"Borivali, Kandivali, Virar, Vasai Road, Dadar, Bandra, Marine Lines, Nala Sopara, Bhayandar, Mahim, Churchgate, Thane",1DliqQkprgJBjwfG2b6x,https://firebasestorage.googleapis.com/v0/b/vehicle-rental-2.appspot.com/o/vehicle_images%2FAprillia-tuono-v4.png?alt=media&token=2753e561-ee62-48da-bef0-ffd99f35f9e3,"{'1': {'count': 2, 'color': 'Black', 'mileage': 14, 'imageurl': 'https://firebasestorage.googleapis.com/v0/b/vehicle-rental-2.appspot.com/o/vehicle_color%2Faprilia-rsv4-1100-black.jpeg?alt=media&token=120698e1-2896-4fe4-8d50-4dbf57d1eade'}, '2': {'count': 1, 'color': 'Glacier White', 'mileage': 13, 'imageurl': 'https://firebasestorage.googleapis.com/v0/b/vehicle-rental-2.appspot.com/o/vehicle_color%2Faprilla-white.avif?alt=media&token=d1b7574d-6dc2-45ee-8dc5-bc913cf9c216'}}",Aprilia Tuono V4,Borivali,"Borivali, Kandivali, Virar, Vasai Road, Dadar, Bandra, Marine Lines, Nala Sopara, Bhayandar, Mahim, Churchgate, Thane",1200,60,Motorbike,,,"['ylN5i03CO9jtG3qh5PX2', 'bGFKKYC0seiQXQJgOCLZ', 'OWUiXbTB9VGgtSQ6bPBD', 'NHTr9NRvZbhXSK8wqzU9', 'AA4z7X16nzg7JZurLAy8', '0kTXxJkZWhe2FTDWDe31']"
,10,Cheap,4,,,3,,"Borivali, Kandivali, Virar, Vasai Road, Dadar, Bandra, Marine Lines, Nala Sopara, Bhayandar, Mahim, Churchgate, Thane",3B9upzYCVXIOTw3KtAN1,https://firebasestorage.googleapis.com/v0/b/vehicle-rental-2.appspot.com/o/vehicle_images%2Fvehicle_42.jpeg?alt=media&token=2adcd9a3-60fb-4edb-a43b-b604537630b7,"{'1': {'count': 2, 'color': 'Classic White', 'mileage': 5, 'imageurl': 'https://firebasestorage.googleapis.com/v0/b/vehicle-rental-2.appspot.com/o/vehicle_color%2FPrevost_H3-45_white_coach.jpg?alt=media&token=ac6d4a03-8c57-4136-ac8d-80b8fcba0c94'}, '2': {'count': 1, 'color': 'Elegant Black', 'mileage': 7, 'imageurl': 'https://firebasestorage.googleapis.com/v0/b/vehicle-rental-2.appspot.com/o/vehicle_color%2Fprevost%20(Elegant%20Black).jpg?alt=media&token=bcd4a20b-3d97-4464-beef-b900709535e5'}}",Prevost H3-45,,"Borivali, Kandivali, Virar, Vasai Road, Dadar, Bandra, Marine Lines, Nala Sopara, Bhayandar, Mahim, Churchgate, Thane",10000,500,Bus,,,"['o5265qY5ZdjuVdLJof5R', 'ngONRUnYwLa07YkvwOSp', 'eYKsVGmWG3I9E7iE94WO', 'flkJBXfGkyhu5D6DaLDW', 'dIQvPsJqah6vTpnTFAG7', 'ltWktx54Mshy2g1fE9lI']"
,3,Luxury,4.8,,,3,,"Borivali, Kandivali, Virar, Vasai Road, Dadar, Bandra, Marine Lines, Nala Sopara, Bhayandar, Mahim, Churchgate, Thane",3eXuAjsxBWdIgi9GmAqV,https://firebasestorage.googleapis.com/v0/b/vehicle-rental-2.appspot.com/o/vehicle_images%2Fvehicle_95.jpeg?alt=media&token=bf514c1a-90bb-4eed-a23c-4627a67b2678,"{'1': {'count': 1, 'color': 'black', 'mileage': 7, 'imageurl': 'https://firebasestorage.googleapis.com/v0/b/vehicle-rental-2.appspot.com/o/vehicle_color%2Fvnx-black.jpg?alt=media&token=e1b271fa-0ace-4d61-a29e-d8b3e3c4d444'}, '2': {'count': 2, 'color': 'red', 'mileage': 8, 'imageurl': 'https://firebasestorage.googleapis.com/v0/b/vehicle-rental-2.appspot.com/o/vehicle_color%2Fvolvo-vnx-red.jpg?alt=media&token=d81e2c3f-51c9-4986-9872-230db2bae74a'}}",Volvo VNX,,"Borivali, Kandivali, Virar, Vasai Road, Dadar, Bandra, Marine Lines, Nala Sopara, Bhayandar, Mahim, Churchgate, Thane",9000,400,Truck,,,"['RRIS9Rmd59bJBBrISFgV', 'w79M0IchtpGAJdCU4RHI', '1jGBk5mVpcclGkF7nm8f', 'UTnCUk6HFQVvnUcybPmF', '4R224EcpyxauKdV4fuqL', 'PxrzSVe05Oe9gu3STODL']"
,4,Luxury,3.7,,,3,,"Borivali, Kandivali, Virar, Vasai Road, Dadar, Bandra, Marine Lines, Nala Sopara, Bhayandar, Mahim, Churchgate, Thane",4YqNGo3x4HYi79mGY0XT,https://firebasestorage.googleapis.com/v0/b/vehicle-rental-2.appspot.com/o/vehicle_images%2Fvehicle_23.jpeg?alt=media&token=42ba3636-2497-45be-9900-cd1c9a22915b,"{'1': {'count': 1, 'color': 'black', 'mileage': 28, 'imageurl': 'https://firebasestorage.googleapis.com/v0/b/vehicle-rental-2.appspot.com/o/vehicle_color%2FVolkswagen%20Golf_black.jpg?alt=media&token=b066d015-94f1-4230-86e1-1f7e4b690611'}, '2': {'count': 2, 'color': 'red', 'mileage': 30, 'imageurl': 'https://firebasestorage.googleapis.com/v0/b/vehicle-rental-2.appspot.com/o/vehicle_color%2Fvolxwagen-red.jpg?alt=media&token=0a71fe2a-e581-45b8-bf48-403beaa57f00'}}",Volkswagen Golf,,"Borivali, Kandivali, Virar, Vasai Road, Dadar, Bandra, Marine Lines, Nala Sopara, Bhayandar, Mahim, Churchgate, Thane",12000,600,Car,,,"['9OdNk0bKrVDAmDuDIH20', 'bHkr6PmFkrjJ1f3PpzmG', 'BHpUtgek772Lhwj73TTO', '48YQAzfhgxhkNnc9ZPYX', '0Sz0xispbnjRjukuXyaX', 'gaj6vRVN44m7KkibW9pP', '55ZiOBMrR5WwINu2PUIb']"
,4,Cheap,4.3,,,1,,"Borivali, Kandivali, Virar, Vasai Road, Dadar, Bandra, Marine Lines, Nala Sopara, Bhayandar, Mahim, Churchgate",53dsyPGs76YhXGfom291,https://firebasestorage.googleapis.com/v0/b/vehicle-rental-2.appspot.com/o/vehicle_images%2Fvehicle_16.jpg?alt=media&token=e7531046-d697-4e5f-af3d-3356334fc261,"{'1': {'count': 1, 'color': 'White', 'mileage': 4, 'imageurl': ''}, '2': {'count': 1, 'color': 'Blue', 'mileage': 3, 'imageurl': ''}}",Tata Mahindra,,"Borivali, Kandivali, Virar, Vasai Road, Dadar, Bandra, Marine Lines, Nala Sopara, Bhayandar, Mahim, Churchgate",5000,230,Truck,,,
,3,Luxury,4.8,,,3,,"Borivali, Kandivali, Virar, Vasai Road, Dadar, Bandra, Marine Lines, Nala Sopara, Bhayandar, Mahim, Churchgate, Thane",57J5SRavSrw5dsSWjfwt,https://firebasestorage.googleapis.com/v0/b/vehicle-rental-2.appspot.com/o/vehicle_images%2Fvehicle_71.jpeg?alt=media&token=be4f419b-c1e3-4965-a852-7b60c900a689,"{'1': {'count': 1, 'color': 'white', 'mileage': 3, 'imageurl': 'https://firebasestorage.googleapis.com/v0/b/vehicle-rental-2.appspot.com/o/vehicle_color%2FAshok%20Leyland%20552-white.jpg?alt=media&token=f17b5b37-d8bc-42ab-80e1-15d3d12c3299'}}",Ashok Leyland 552,,"Borivali, Kandivali, Virar, Vasai Road, Dadar, Bandra, Marine Lines, Nala Sopara, Bhayandar, Mahim, Churchgate, Thane",11100,550,Truck,,,"['bK1CHEjVP2CN1WmNBfsF', 'x24P6OL5lvhDU5CVN7Hh', 'y4NQ5qTNhylC2wR0Jjqt', 'qUL4amjnP0kFhzwjkGfn', 'gO6G6mIhm8XCc4TrMOV0', 'm4IysDHMBQcGZlapUbV4']"
,2,Luxury,5,,,4,,"Borivali, Kandivali, Virar, Vasai Road, Dadar, Bandra, Marine Lines, Nala Sopara, Bhayandar, Mahim, Churchgate, Thane",5wnFOn6bgjI8tWDNapi9,https://firebasestorage.googleapis.com/v0/b/vehicle-rental-2.appspot.com/o/vehicle_images%2Fvehicle_62.jpeg?alt=media&token=2390139c-729a-4d48-b54e-0d1bc9c0ac56,"{'1': {'count': 1, 'color': 'Metallic Matte Black No.2', 'mileage': 16, 'imageurl': 'https://firebasestorage.googleapis.com/v0/b/vehicle-rental-2.appspot.com/o/vehicle_color%2Fsuzuki-select-model-metallic-mat-black-no2--glass-sparkle-black-1681107281849.jpg?alt=media&token=b5f1334a-16b2-4a23-b4a5-3315694706c5'}, '2': {'count': 1, 'color': 'Pearl Vigor Blue', 'mileage': 17, 'imageurl': 'https://firebasestorage.googleapis.com/v0/b/vehicle-rental-2.appspot.com/o/vehicle_color%2Fsuzuki-hayabusa-blue.jpg?alt=media&token=1a1de06d-b670-4900-a48e-9392ddc3e91a'}}",Suzuki Hayabusa,,"Borivali, Kandivali, Virar, Vasai Road, Dadar, Bandra, Marine Lines, Nala Sopara, Bhayandar, Mahim, Churchgate, Thane",3000,145,Motorbike,,,"['DShRv82VyYNgRnvFkntc', 'HNYIS5OxZY1PtA1xQUD1', 'CUIAIkdDCq3bVsDZE6Lg', 'lWAVQY2wYvtr9neFHUsP', 'j8FyDdNmYOYBk8Si89aB', 'Pnrks74rY6r6Lztuyw7i']"
,3,Luxury,4.2,,,2,,"Borivali, Kandivali, Virar, Vasai Road, Dadar, Bandra, Marine Lines, Nala Sopara, Bhayandar, Mahim, Churchgate, Thane",6q9FadAV2YEaUG2VWI0K,https://firebasestorage.googleapis.com/v0/b/vehicle-rental-2.appspot.com/o/vehicle_images%2Fvehicle_92.jpg?alt=media&token=8a624220-585b-4c6a-adb8-f2a2b1b6bd9b,"{'1': {'count': 1, 'color': 'red', 'mileage': 7, 'imageurl': 'https://firebasestorage.googleapis.com/v0/b/vehicle-rental-2.appspot.com/o/vehicle_color%2F2021-international-lonestar.red.jpg?alt=media&token=c543af7d-4dc2-4620-a085-43daf043ca22'}, '2': {'count': 1, 'color': 'black', 'mileage': 8, 'imageurl': 'https://firebasestorage.googleapis.com/v0/b/vehicle-rental-2.appspot.com/o/vehicle_color%2FInternational-LoneStar-Power-Cummins-X15-1920x1275.black.jpg?alt=media&token=6b3cec6e-e911-4fb7-b78d-a19c8298d019'}}",International LoneStar,,"Borivali, Kandivali, Virar, Vasai Road, Dadar, Bandra, Marine Lines, Nala Sopara, Bhayandar, Mahim, Churchgate, Thane",9500,430,Truck,,"['PyxcYLIONU0mNGxKEpIc', 'Sr5OF29lfqg6CrJbezia', 'gN7btVTzIsrty2ANZcgM', 'A4DupxSg8UhaZZXGUn78', 'g4BtWvsDap04dzFAcwVD', 'Xx1qMnN7SSW8T6Qkersi']","['PyxcYLIONU0mNGxKEpIc', 'Sr5OF29lfqg6CrJbezia', 'gN7btVTzIsrty2ANZcgM', 'A4DupxSg8UhaZZXGUn78', 'g4BtWvsDap04dzFAcwVD', 'Xx1qMnN7SSW8T6Qkersi']"
,2,Luxury,5,,,3,,"Borivali, Kandivali, Virar, Vasai Road, Dadar, Bandra, Marine Lines, Nala Sopara, Bhayandar, Mahim, Churchgate, Thane",8Lm3bhoCjcRJIvtpnQ0m,https://firebasestorage.googleapis.com/v0/b/vehicle-rental-2.appspot.com/o/vehicle_images%2Fhonda-select-model-grand-prix-red.png?alt=media&token=ac833c9d-c30e-47a8-b79f-5a0414689eee,"{'1': {'count': 1, 'color': 'Grand Prix Red', 'mileage': 35, 'imageurl': 'https://firebasestorage.googleapis.com/v0/b/vehicle-rental-2.appspot.com/o/vehicle_color%2F2020-Honda-CBR1000RR-R-SP-05-red.jpeg?alt=media&token=cc3c0ac4-ce04-42fe-bef6-0234e297584ahttps://firebasestorage.googleapis.com/v0/b/vehicle-rental-2.appspot.com/o/vehicle_color%2F2020-Honda-CBR1000RR-R-SP-05-red.jpeg?alt=media&token=cc3c0ac4-ce04-42fe-bef6-0234e297584a'}, '2': {'count': 2, 'color': 'Matte Pearl Morion white', 'mileage': 35, 'imageurl': 'https://firebasestorage.googleapis.com/v0/b/vehicle-rental-2.appspot.com/o/vehicle_color%2Fhonda-cbr1000rr-white.jpg?alt=media&token=690d6894-e53b-47ff-a4b1-2d5e5e71d338'}}",Honda CBR1000RR,,"Borivali, Kandivali, Virar, Vasai Road, Dadar, Bandra, Marine Lines, Nala Sopara, Bhayandar, Mahim, Churchgate, Thane",2800,130,Motorbike,,,"['pXqHxsVMpMOdXvzgJksu', 'yBYqD3CrF16D64tJtjib', 'wHvUsgUWIhngZbbaQ8bL', 'zNw6Nzjo8KnhMJ1PFk3w', '1WxmJ5YhN005I54VEoPO', 'yhyf1vHvunT7obepEIbb']"
,2,Luxury,4.1,,,7,,"Borivali, Kandivali, Virar, Vasai Road, Dadar, Bandra, Marine Lines, Nala Sopara, Bhayandar, Mahim, Churchgate, Thane",9on5dbOcbL5CIYCNe5Mw,https://firebasestorage.googleapis.com/v0/b/vehicle-rental-2.appspot.com/o/vehicle_images%2Fvehicle_61.webp?alt=media&token=7a7a5dff-017d-4cbb-9c58-92ac2569ae6d,"{'1': {'count': 2, 'color': 'Vivid Black\u200b', 'mileage': 17, 'imageurl': 'https://firebasestorage.googleapis.com/v0/b/vehicle-rental-2.appspot.com/o/vehicle_color%2Fharley-black.jpg?alt=media&token=b44deb03-1f0d-4fed-8c8b-319e5d3c59c7'}, '2': {'count': 1, 'color': 'Brilliant red', 'mileage': 18, 'imageurl': 'https://firebasestorage.googleapis.com/v0/b/vehicle-rental-2.appspot.com/o/vehicle_color%2FRoadGlide15_red_rsf.jpg?alt=media&token=e6d408ff-b302-4dbe-aa22-bc49997e3edf'}}",Harley-Davidson Road Glide,,"Borivali, Kandivali, Virar, Vasai Road, Dadar, Bandra, Marine Lines, Nala Sopara, Bhayandar, Mahim, Churchgate, Thane",3200,150,Motorbike,,,"['rHR3NxoAlWGcLwvkZpez', 'uVoME5Y9JCNiGVyNpFHI', 'M8O9pZ1XdyoXQLtQ8g1v', 'AGUPkYLtOAgj94gEq5JG', 'DTTXUTiNBpdmj4rZ3AZI', 'v57VZRyUy5RSQO8KKV7s']"
,3,Luxury,5,,,4,,"Borivali, Kandivali, Virar, Vasai Road, Dadar, Bandra, Marine Lines, Nala Sopara, Bhayandar, Mahim, Churchgate, Thane",AQUVy4C6iRqeNlQvSTKm,https://firebasestorage.googleapis.com/v0/b/vehicle-rental-2.appspot.com/o/vehicle_images%2Fvehicle_22.webp?alt=media&token=108a7ad7-caa3-4743-b267-89d1d1ff3866,"{'1': {'count': 2, 'color': 'High Tech Silver', 'mileage': 15, 'imageurl': 'https://firebasestorage.googleapis.com/v0/b/vehicle-rental-2.appspot.com/o/vehicle_color%2Fmercedes-e-class-silver.jpg?alt=media&token=c5eaa5f1-f39c-4ee1-942c-7d38fa90dc64'}, '2': {'count': 1, 'color': 'Obsidian Black', 'mileage': 12, 'imageurl': 'https://firebasestorage.googleapis.com/v0/b/vehicle-rental-2.appspot.com/o/vehicle_color%2Fnews-2019-mercedes-benz-e-class-gallery-01-0918-black.jpg?alt=media&token=a1d6d70f-68c0-40b0-bbd3-7a2c442e34a8'}}",Mercedes E-class,,"Borivali, Kandivali, Virar, Vasai Road, Dadar, Bandra, Marine Lines, Nala Sopara, Bhayandar, Mahim, Churchgate, Thane",2790,280,Car,,,"['UHDsDH8V8bznmNUG61jw', 'VOspS82Q2P5uVrHZBk4K', '7lrtGnebW4Zb2WLRRHSh', '2b74Pjpnqfh1DCBCs6Of', 'HKTRq0GdwkyMlyWyKAhM', 'tVsJ5DlSAWf3r4R7hkZ2']"
,6,Cheap,4.3,,,4,,"Borivali, Kandivali, Virar, Vasai Road, Dadar, Bandra, Marine Lines, Nala Sopara, Bhayandar, Mahim, Churchgate, Thane",Ak7VFnETZC6aHTa5AxP8,https://firebasestorage.googleapis.com/v0/b/vehicle-rental-2.appspot.com/o/vehicle_images%2Fvehicle_94.jpeg?alt=media&token=8955ccd9-7bca-477c-b841-d92b582519c3,"{'1': {'count': 1, 'color': 'white', 'mileage': 6, 'imageurl': 'https://firebasestorage.googleapis.com/v0/b/vehicle-rental-2.appspot.com/o/vehicle_color%2FFreightliner%20M2%20106-white.jpg?alt=media&token=0ae8c473-0c55-4e84-b225-67b9f894079d'}, '2': {'count': 2, 'color': 'blue', 'mileage': 7, 'imageurl': 'https://firebasestorage.googleapis.com/v0/b/vehicle-rental-2.appspot.com/o/vehicle_color%2FFreightliner%20M2%20106-blue.jpeg?alt=media&token=8cbcc94f-aae9-43ac-a5eb-acaa8213200c'}}",Freightliner M2 106,,"Borivali, Kandivali, Virar, Vasai Road, Dadar, Bandra, Marine Lines, Nala Sopara, Bhayandar, Mahim, Churchgate, Thane",6000,300,Truck,,,"['feijLH4BPJoWiC6oXT16', 'M1F84X6nAOD0dLfV37nC', '9S4yKpxEWrNDaKZpw8x0', '9S4yKpxEWrNDaKZpw8x0', 'dTWHA8ELSLALUek3RWgC', 'CDC9NbWZgs2p4tg2OMCL']"
,2,Luxury,3.9,,,3,,"Borivali, Kandivali, Virar, Vasai Road, Dadar, Bandra, Marine Lines, Nala Sopara, Bhayandar, Mahim, Churchgate, Thane",BhpAuSMuHNVxwroS52Im,https://firebasestorage.googleapis.com/v0/b/vehicle-rental-2.appspot.com/o/vehicle_images%2Fvehicle_35.jpeg?alt=media&token=5ac3155a-be69-4678-a2e2-f3e18e343c0e,"{'1': {'count': 2, 'color': 'Onyx Black', 'mileage': 12, 'imageurl': 'https://firebasestorage.googleapis.com/v0/b/vehicle-rental-2.appspot.com/o/vehicle_color%2FVolvo-XC90-020-black.webp?alt=media&token=97f7ba50-0e1d-4a5d-b2a2-80a689bec909'}, '2': {'count': 1, 'color': 'Crystal white', 'mileage': 11, 'imageurl': 'https://firebasestorage.googleapis.com/v0/b/vehicle-rental-2.appspot.com/o/vehicle_color%2F01_volvo_xc90-white.jpg?alt=media&token=40d1241c-78ac-4725-81b5-eff27706020d'}}",Volvo XC90,,"Borivali, Kandivali, Virar, Vasai Road, Dadar, Bandra, Marine Lines, Nala Sopara, Bhayandar, Mahim, Churchgate, Thane",25000,1150,Car,,,"['an8X6yXyw90IMJPBJG6f', 'E6lIwEHL7jO5SsRcHvUg', 'E5Ax3mvpt88badCfBIvd', 'hFi8uCmuhXrBzKAY1o9D', 'g2izBWvIq9sJ8aYbDRlI', 'nnp7JyhYtBy9ZSeUxlDH']"
,4,Luxury,4,,,2,,"Borivali, Kandivali, Virar, Vasai Road, Dadar, Bandra, Marine Lines, Nala Sopara, Bhayandar, Mahim, Churchgate, Thane",Bx97INpJQbGDEEU0wuJG,https://firebasestorage.googleapis.com/v0/b/vehicle-rental-2.appspot.com/o/vehicle_images%2Fvehicle_36.jpeg?alt=media&token=1d2f602a-9754-4180-9bc6-9741c2707a98,"{'1': {'count': 1, 'color': 'Artic white', 'mileage': 21, 'imageurl': 'https://firebasestorage.googleapis.com/v0/b/vehicle-rental-2.appspot.com/o/vehicle_color%2Fmercedes-sprinter-white.jpg?alt=media&token=76673680-1428-4187-bd99-26b9f913409f'}, '2': {'count': 2, 'color': 'Jet Black', 'mileage': 20, 'imageurl': 'https://firebasestorage.googleapis.com/v0/b/vehicle-rental-2.appspot.com/o/vehicle_color%2F2016-mercedes-benz-sprinter-2500-high-roof-cargo-van-angular-front-black.jpg?alt=media&token=8a7c984e-7597-4148-9129-23691a7532dd'}}",Mercedes-Benz Sprinter,,"Borivali, Kandivali, Virar, Vasai Road, Dadar, Bandra, Marine Lines, Nala Sopara, Bhayandar, Mahim, Churchgate, Thane",17000,800,Bus,,,"['zHCL3LGp1ijlaDexXDcn', 'oftR12Psh9KW5eZeyh7k', 'VD247O4f0PBr5dB4mSEo', 'czKiIntRszY3kwfBbcnR', 'dm370pVqqdsyEDMnuwag', 'NsBHUpB1Jnef6ciYNJl', 'cBqGqTXjkF28GCMRZcMH']"
,2,Cheap,3,,,10,,"Borivali, Kandivali, Virar, Vasai Road, Dadar, Bandra, Marine Lines, Nala Sopara, Bhayandar, Mahim, Churchgate, Thane",CSVpfFo3M8xeaHtJGy4J,https://firebasestorage.googleapis.com/v0/b/vehicle-rental-2.appspot.com/o/vehicle_images%2Fvehicle_44.webp?alt=media&token=a1b86a63-c036-4fcb-a015-cb80426a13f6,"{'1': {'count': '1', 'color': 'Midnight Black', 'mileage': '40', 'imageurl': 'https://firebasestorage.googleapis.com/v0/b/vehicle-rental-2.appspot.com/o/vehicle_color%2FYamaha-Nmax-black.png?alt=media&token=6f579596-8ada-413d-8dfa-160b87989db6'}, '2': {'count': '2', 'color': 'red', 'mileage': '38', 'imageurl': 'https://firebasestorage.googleapis.com/v0/b/vehicle-rental-2.appspot.com/o/vehicle_color%2F2023-Yamaha-NMax-Red_01.jpg?alt=media&token=e7c00fbb-3d3e-4c1b-ad97-9f769c03db6d'}}",Yamaha NMAX,,"Borivali, Kandivali, Virar, Vasai Road, Dadar, Bandra, Marine Lines, Nala Sopara, Bhayandar, Mahim, Churchgate, Thane",1000,50,Scooter,,,"['qNEKCsGaDBAWgRoVjai8', 'kMIAwExQek1OJU8azTx0', 'JGJgQJ2S0RBX3GHoW99j']"
,4,Luxury,5,,,5,,"Borivali, Kandivali, Virar, Vasai Road, Dadar, Bandra, Marine Lines, Nala Sopara, Bhayandar, Mahim, Churchgate, Thane",DK2gkk2O9MvqonGSMEkm,https://firebasestorage.googleapis.com/v0/b/vehicle-rental-2.appspot.com/o/vehicle_images%2Fvehicle_85.jpeg?alt=media&token=f130f177-549a-464f-a785-f27572fabd59,"{'1': {'count': 1, 'color': 'Atlantic Blue', 'mileage': 17, 'imageurl': 'https://firebasestorage.googleapis.com/v0/b/vehicle-rental-2.appspot.com/o/vehicle_color%2Fvw_passat_facelift-blue.jpg?alt=media&token=7ade6bfc-3b69-421a-a102-e0af781d1991'}, '2': {'count': 2, 'color': 'Pyrit silver', 'mileage': 19, 'imageurl': 'https://firebasestorage.googleapis.com/v0/b/vehicle-rental-2.appspot.com/o/vehicle_color%2Fvw_passat_100-silver.jpg?alt=media&token=11631764-6473-41a6-a487-c8b339b1232e'}}",Volkswagen Passat,,"Borivali, Kandivali, Virar, Vasai Road, Dadar, Bandra, Marine Lines, Nala Sopara, Bhayandar, Mahim, Churchgate, Thane",7800,370,Car,"['gC30ZLAQ1At91EvgJx4t', '3CAJ6UQgh40DFFElU1uY', '9rfEcem8Dk8P8f6krPmI']",,
,15,Cheap,3.7,,,2,,"Borivali, Kandivali, Virar, Vasai Road, Dadar, Bandra, Marine Lines, Nala Sopara, Bhayandar, Mahim, Churchgate, Thane",DKUlX6C1e3WJKbL6C7L0,https://firebasestorage.googleapis.com/v0/b/vehicle-rental-2.appspot.com/o/vehicle_images%2Fvehicle_90.jpeg?alt=media&token=6d17c13d-e41c-43ca-9d08-2308c3681159,,Blue Bird Vision,,"Borivali, Kandivali, Virar, Vasai Road, Dadar, Bandra, Marine Lines, Nala Sopara, Bhayandar, Mahim, Churchgate, Thane",9200,420,Bus,,,"['tyVhawcv3XsxegkRPDIF', 'hgJdeOTbxQuCh3vn8acd', '8KDHvP4HdGIPylmC2EXy']"
,4,Cheap,3.1,,,5,,"Andheri, Virar",E5qU5qBHzMlYRERPichc,https://firebasestorage.googleapis.com/v0/b/vehicle-rental-2.appspot.com/o/vehicle_images%2Fvehicle_1.jpg?alt=media&token=9124dc24-00af-487a-a6a9-1d4e156b2254,"{'1': {'count': 1, 'color': 'Meteor yellow', 'mileage': 23, 'imageurl': 'https://firebasestorage.googleapis.com/v0/b/vehicle-rental-2.appspot.com/o/vehicle_color%2FTata_Nano%20credit%20Wikipedia-yellow.JPG?alt=media&token=221dfb5c-ffde-424e-84fc-09df65b69add'}, '2': {'count': 2, 'color': 'Sangria Red', 'mileage': 22, 'imageurl': 'https://firebasestorage.googleapis.com/v0/b/vehicle-rental-2.appspot.com/o/vehicle_color%2F2015-tata-nano-genx-pics-front-side-red.jpg?alt=media&token=d43823fa-dfed-4e83-9939-7b0dbefcc666'}}",Tata Nano,,"Borivali, Andheri, Churchgate",2500,110,Car,,"['KiSfCOhNeaVY95A4ieOR', '0JgvkCvjdyFjNJ99CmA5', 'FnWKOjnApVumfYD5FbQn', 'CWnZshkZCVUXmyZ0bfmk']","['0JgvkCvjdyFjNJ99CmA5', 'FnWKOjnApVumfYD5FbQn', 'CWnZshkZCVUXmyZ0bfmk']"
,3,Luxury,4.5,,,3,,"Borivali, Kandivali, Virar, Vasai Road, Dadar, Bandra, Marine Lines, Nala Sopara, Bhayandar, Mahim, Churchgate, Thane",EL9EObHxRh75fug7jmGQ,https://firebasestorage.googleapis.com/v0/b/vehicle-rental-2.appspot.com/o/vehicle_images%2Fvehicle_73.jpeg?alt=media&token=b009b76f-1a58-4714-8209-ee27d417aba3,"{'1': {'count': 1, 'color': 'Black', 'mileage': 10, 'imageurl': 'https://firebasestorage.googleapis.com/v0/b/vehicle-rental-2.appspot.com/o/vehicle_color%2Fvolvo-vnl-black.jpg?alt=media&token=b6582f07-9f08-4b06-bafd-71d7be56033d'}, '2': {'count': 1, 'color': 'Red', 'mileage': 11, 'imageurl': 'https://firebasestorage.googleapis.com/v0/b/vehicle-rental-2.appspot.com/o/vehicle_color%2Fvolvo-vnl-red.jpg?alt=media&token=8dda9452-4165-44b4-8d97-f81f5437484c'}}",Volvo VNL 860,,"Borivali, Kandivali, Virar, Vasai Road, Dadar, Bandra, Marine Lines, Nala Sopara, Bhayandar, Mahim, Churchgate, Thane",8500,375,Truck,,,"['Hd6EQGE005OQa4HKYmWr', '0rRMpsdGF6vPqwk23biP', 'dVVTs67KZsDhkmApXINr', '0y9k2rGhAlzag0MjFyex']"
,1,Luxury,4.1,,,6,,"Borivali, Kandivali, Virar, Vasai Road, Dadar, Bandra, Marine Lines, Nala Sopara, Bhayandar, Mahim, Churchgate, Thane",Giv8v2IpUWbt6dwjSJ8D,https://firebasestorage.googleapis.com/v0/b/vehicle-rental-2.appspot.com/o/vehicle_images%2Fvehicle_57.jpeg?alt=media&token=3e83b471-09ad-4617-8392-54090bfeb61b,,Bianchi Oltre XR4,,"Borivali, Kandivali, Virar, Vasai Road, Dadar, Bandra, Marine Lines, Nala Sopara, Bhayandar, Mahim, Churchgate, Thane",800,35,Cycle,,,"['6VsiIVt4HMqhP3hLYijv', 'wkiFBAdzead4xALxe7o8', 'ifOK6EK7jLrTWNcHNyK9', 'ZAxxn6skT4QKyGIBwqe3']"
,2,Cheap,3.4,,,5,,"Borivali, Kandivali, Virar, Vasai Road, Dadar, Bandra, Marine Lines, Nala Sopara, Bhayandar, Mahim, Churchgate",IOv4HJ4SFgJmCoh2mtBd,https://firebasestorage.googleapis.com/v0/b/vehicle-rental-2.appspot.com/o/vehicle_images%2Fvehicle_15.jpg?alt=media&token=cdc64c19-99f9-4e20-a108-a2c2ebd89a0d,"{'1': {'count': 1, 'color': 'Metallic Matte Black ', 'mileage': 21, 'imageurl': 'https://firebasestorage.googleapis.com/v0/b/vehicle-rental-2.appspot.com/o/vehicle_color%2Faccess-black.jpg?alt=media&token=eee00143-08b3-4b7d-aea7-f4a9637a96df'}, '2': {'count': 2, 'color': 'Pearl Grace White', 'mileage': 20, 'imageurl': 'https://firebasestorage.googleapis.com/v0/b/vehicle-rental-2.appspot.com/o/vehicle_color%2Fsuzuki-access-125-launch-06-white.jpg?alt=media&token=edfa352c-2d94-4d7b-a771-63edb9e12e93'}}",Access 125,,"Borivali, Kandivali, Virar, Vasai Road, Dadar, Bandra, Marine Lines, Nala Sopara, Bhayandar, Mahim, Churchgate",1190,80,Scooter,,,"['n4KELfvBybitIWDmx1fF', 'pjRt3SVpTxyRa0Ealwjb', 'HbM9ooqVpP62aczJ1CC8', 'uKgCEYO3cSqITX5zayhZ', 'xTXsetsVyWG05rH3dBD4']"
,1,Luxury,5,,,4,,"Borivali, Kandivali, Virar, Vasai Road, Dadar, Bandra, Marine Lines, Nala Sopara, Bhayandar, Mahim, Churchgate, Thane",Inx0SfEZcDVGEzrSAd91,https://firebasestorage.googleapis.com/v0/b/vehicle-rental-2.appspot.com/o/vehicle_images%2Fvehicle_59.webp?alt=media&token=57191d10-efb5-4f5b-b3d6-f4c73cd900ac,,Scott Foil,,"Borivali, Kandivali, Virar, Vasai Road, Dadar, Bandra, Marine Lines, Nala Sopara, Bhayandar, Mahim, Churchgate, Thane",750,33,Cycle,,,
,2,Luxury,4.7,,,4,,"Borivali, Kandivali, Virar, Vasai Road, Dadar, Bandra, Marine Lines, Nala Sopara, Bhayandar, Mahim, Churchgate",K2ZNT5z1gCMb7wUjza7F,https://firebasestorage.googleapis.com/v0/b/vehicle-rental-2.appspot.com/o/vehicle_images%2Fvehicle_17.jpg?alt=media&token=662f26cf-6578-4be8-aec4-70e60dc5ea62,"{'1': {'count': 1, 'color': 'Lime Green', 'mileage': 25, 'imageurl': 'https://firebasestorage.googleapis.com/v0/b/vehicle-rental-2.appspot.com/o/vehicle_color%2F21MY_NInja_ZX-10RR_GN1_static_on_track-limegreen.jpg?alt=media&token=fdb1a761-c346-486c-b2c8-246aa1d61810'}, '2': {'count': 2, 'color': 'Ebony Black', 'mileage': 24, 'imageurl': 'https://firebasestorage.googleapis.com/v0/b/vehicle-rental-2.appspot.com/o/vehicle_color%2F2016-Kawasaki-Ninja-ZX-10R-04black.jpg?alt=media&token=c6365de4-03e3-4657-b4ea-35f385019ab0'}}",Kawasaki Ninja,,"Borivali, Kandivali, Virar, Vasai Road, Dadar, Bandra, Marine Lines, Nala Sopara, Bhayandar, Mahim, Churchgate",2800,130,Motorbike,,,
,4,Luxury,5,,,4,,"Borivali, Kandivali, Virar, Vasai Road, Dadar, Bandra, Marine Lines, Nala Sopara, Bhayandar, Mahim, Churchgate, Thane",L4HwqMxlBiutQ60ASXmV,https://firebasestorage.googleapis.com/v0/b/vehicle-rental-2.appspot.com/o/vehicle_images%2Fvehicle_87.webp?alt=media&token=0d849c3b-ba8c-4326-84ad-e626c10dbefd,"{'1': {'count': 1, 'color': 'Metallic white', 'mileage': 9, 'imageurl': 'https://firebasestorage.googleapis.com/v0/b/vehicle-rental-2.appspot.com/o/vehicle_color%2F2022-2022-audi-q7-prestig-white.jpg?alt=media&token=2eb76a97-2e83-4250-9c33-d27a979f9fe3'}, '2': {'count': 2, 'color': 'Deep glossy black', 'mileage ': 10, 'imageurl': 'https://firebasestorage.googleapis.com/v0/b/vehicle-rental-2.appspot.com/o/vehicle_color%2F2017-audi-q7-now-available-with-20-liter-turbo-making-252-hp-black.jpg?alt=media&token=3b6837f5-3880-4de3-a139-63bba683327d'}}",Audi Q7,,"Borivali, Kandivali, Virar, Vasai Road, Dadar, Bandra, Marine Lines, Nala Sopara, Bhayandar, Mahim, Churchgate, Thane",5000,230,Car,,,
,2,Luxury,4.9,,,2,,"Borivali, Kandivali, Virar, Vasai Road, Dadar, Bandra, Marine Lines, Nala Sopara, Bhayandar, Mahim, Churchgate, Thane",L9mR8fqKG5C8JcB1qfwp,https://firebasestorage.googleapis.com/v0/b/vehicle-rental-2.appspot.com/o/vehicle_images%2Fvehicle_86.jpeg?alt=media&token=0e30955d-d4ec-4874-b78b-5235a1d45780,"{'1': {'count': 1, 'color': 'Black Raven', 'mileage': 19, 'imageurl': 'https://firebasestorage.googleapis.com/v0/b/vehicle-rental-2.appspot.com/o/vehicle_color%2F2019-cadillac-escalade-arrives-in-la-with-new-appearance-package-130544_1lack.jpg?alt=media&token=384939b7-e485-4f6e-a7c1-1bc1e2073b97'}, '2': {'count': 2, 'color': 'Crystal White Tricoat', 'mileage': 20, 'imageurl': 'https://firebasestorage.googleapis.com/v0/b/vehicle-rental-2.appspot.com/o/vehicle_color%2Fcadillac-escalade-by-white.jpg?alt=media&token=1d4847ea-bbcb-47bd-ae67-503187011327'}}",Cadillac Escalade,,"Borivali, Kandivali, Virar, Vasai Road, Dadar, Bandra, Marine Lines, Nala Sopara, Bhayandar, Mahim, Churchgate, Thane",6000,300,Car,,,
,19,Cheap,3.4,,,2,,"Borivali, Kandivali, Virar, Vasai Road, Dadar, Bandra, Marine Lines, Nala Sopara, Bhayandar, Mahim, Churchgate, Thane",LEsvi424e58ezcCjm9NY,https://firebasestorage.googleapis.com/v0/b/vehicle-rental-2.appspot.com/o/vehicle_images%2Fvehicle_39.jpeg?alt=media&token=5426540a-4b6c-44e2-9a2b-21f7bd2e77b1,"{'1': {'count': 2, 'color': 'Blue', 'mileage': 4, 'imageurl': 'https://firebasestorage.googleapis.com/v0/b/vehicle-rental-2.appspot.com/o/vehicle_color%2Fnew-flyer-xcelsior-charge-blue.jpg?alt=media&token=02a636b1-6098-41a4-b064-8e2017a4c324'}, '2': {'count': 1, 'color': 'white', 'mileage': 6, 'imageurl': 'https://firebasestorage.googleapis.com/v0/b/vehicle-rental-2.appspot.com/o/vehicle_color%2FXcelsior-AV-2021-white.jpg?alt=media&token=f2aea7f9-1438-4000-b491-4cc8fa1158b9'}}",New Flyer Xcelsior,,"Borivali, Kandivali, Virar, Vasai Road, Dadar, Bandra, Marine Lines, Nala Sopara, Bhayandar, Mahim, Churchgate, Thane",9000,400,Bus,,,
,1,Cheap,3.6,,,7,,"Borivali, Kandivali, Virar, Vasai Road, Dadar, Bandra, Marine Lines, Nala Sopara, Bhayandar, Mahim, Churchgate, Thane",MYp68cwjTmpld485POeG,https://firebasestorage.googleapis.com/v0/b/vehicle-rental-2.appspot.com/o/vehicle_images%2Fvehicle_58.jpeg?alt=media&token=5483c7bd-863c-4a83-a4a3-afa3272ae1ed,,Canyon Ultimate,,"Borivali, Kandivali, Virar, Vasai Road, Dadar, Bandra, Marine Lines, Nala Sopara, Bhayandar, Mahim, Churchgate, Thane",350,17,Cycle,,,
,3,Cheap,3.7,,,4,,"Borivali, Kandivali, Virar, Vasai Road, Dadar, Bandra, Marine Lines, Nala Sopara, Bhayandar, Mahim, Churchgate, Thane",MycE3OQvuQIYDH5a1zyf,https://firebasestorage.googleapis.com/v0/b/vehicle-rental-2.appspot.com/o/vehicle_images%2Fvehicle_28.jpeg?alt=media&token=0cc1d2a8-ba7c-444d-88a0-720cba3500a7,"{'1': {'count': 2, 'color': 'Ebony Black', 'mileage': 12, 'imageurl': 'https://firebasestorage.googleapis.com/v0/b/vehicle-rental-2.appspot.com/o/vehicle_color%2F2023-Kia-Sportage-black.jpg?alt=media&token=0c6d672a-4e8b-4201-ab7d-a744d1f7df4b'}, '2': {'count': 1, 'color': 'Jungle Green', 'mileage': 13, 'imageurl': 'https://firebasestorage.googleapis.com/v0/b/vehicle-rental-2.appspot.com/o/vehicle_color%2F2023KiaSportage-green.webp?alt=media&token=aabcabd4-1d5c-4a3d-89a6-46ddb84b95b5'}}",Kia Sportage,,"Borivali, Kandivali, Virar, Vasai Road, Dadar, Bandra, Marine Lines, Nala Sopara, Bhayandar, Mahim, Churchgate, Thane",7000,320,Car,,,
,4,Luxury,4.2,,,3,,"Borivali, Kandivali, Virar, Vasai Road, Dadar, Bandra, Marine Lines, Nala Sopara, Bhayandar, Mahim, Churchgate, Thane",PPEnmWu7YjhA451alibw,https://firebasestorage.googleapis.com/v0/b/vehicle-rental-2.appspot.com/o/vehicle_images%2Fvehicle_91.jpeg?alt=media&token=d67aecc0-bce6-46a0-bb2b-7efdc76c2c1d,"{'1': {'count': 2, 'color': 'Red Alert', 'mileage': 11, 'imageurl': 'https://firebasestorage.googleapis.com/v0/b/vehicle-rental-2.appspot.com/o/vehicle_color%2F2016-Nissan-Titan-XD-Platinum-front-side-red.jpg?alt=media&token=5817a0f2-c552-46bb-b2b9-f85bc4eae76d'}, '2': {'count': 3, 'color': 'Gun Metallic', 'mileage': 12, 'imageurl': 'https://firebasestorage.googleapis.com/v0/b/vehicle-rental-2.appspot.com/o/vehicle_color%2FNissan%20Titan%20XD-metallic.jpg?alt=media&token=6d65c8ba-6917-4e87-98db-55c61ec21587'}}",Nissan Titan XD,,"Borivali, Kandivali, Virar, Vasai Road, Dadar, Bandra, Marine Lines, Nala Sopara, Bhayandar, Mahim, Churchgate, Thane",7500,350,Car,,,
,2,Luxury,5,,,2,,"Borivali, Kandivali, Virar, Vasai Road, Dadar, Bandra, Marine Lines, Nala Sopara, Bhayandar, Mahim, Churchgate, Thane",PPpugB0FW096cNipUA9F,https://firebasestorage.googleapis.com/v0/b/vehicle-rental-2.appspot.com/o/vehicle_images%2Fvehicle_75.jpeg?alt=media&token=984eaf47-c54a-49b8-ab73-c6a53a4b3aba,"{'1': {'count': 1, 'color': 'red', 'mileage': 5, 'imageurl': 'https://firebasestorage.googleapis.com/v0/b/vehicle-rental-2.appspot.com/o/vehicle_color%2FWestern%20Star%204900-red.jpg?alt=media&token=49d1dba9-670c-48d3-a492-382a7df215dc'}, '2': {'count': 1, 'color': 'black', 'mileage': 6, 'imageurl': 'https://firebasestorage.googleapis.com/v0/b/vehicle-rental-2.appspot.com/o/vehicle_color%2FWestern%20Star%204900-black.jpg?alt=media&token=71b2194f-4e53-4b77-a705-352c1e8a83bb'}}",Western Star 4900,,"Borivali, Kandivali, Virar, Vasai Road, Dadar, Bandra, Marine Lines, Nala Sopara, Bhayandar, Mahim, Churchgate, Thane",10500,460,Truck,,,
,1,Cheap,3.4,,,3,,"Borivali, Kandivali, Virar, Vasai Road, Dadar, Bandra, Marine Lines, Nala Sopara, Bhayandar, Mahim, Churchgate, Thane",PYtVXpXcDjQJFV5jXcbi,https://firebasestorage.googleapis.com/v0/b/vehicle-rental-2.appspot.com/o/vehicle_images%2Fvehicle_27.jpeg?alt=media&token=3e5fc7a5-a009-4c03-92c1-355da152eee4,"{'1': {'count': 1, 'color': 'Crimson Red Pearl', 'mileage': 26, 'imageurl': 'https://firebasestorage.googleapis.com/v0/b/vehicle-rental-2.appspot.com/o/vehicle_color%2F2021-Subaru-Outback-Review-red.jpg?alt=media&token=103e932b-e785-40b7-97a6-246d2a8bfb52'}, '2': {'count': 2, 'color': 'Magnetite Gray Metallic\u200b', 'mileage': 30, 'imageurl': 'https://firebasestorage.googleapis.com/v0/b/vehicle-rental-2.appspot.com/o/vehicle_color%2Fsubaru-gray.jpg?alt=media&token=5a635559-dbc4-466e-9624-dccbf9aac78b'}}",Subaru Outback,,"Borivali, Kandivali, Virar, Vasai Road, Dadar, Bandra, Marine Lines, Nala Sopara, Bhayandar, Mahim, Churchgate, Thane",3000,150,Car,,,
,1,Cheap,4.2,,,6,,"Borivali, Kandivali, Virar, Vasai Road, Dadar, Bandra, Marine Lines, Nala Sopara, Bhayandar, Mahim, Churchgate, Thane",PdBeo6ndPWyQs24Vk9m0,https://firebasestorage.googleapis.com/v0/b/vehicle-rental-2.appspot.com/o/vehicle_images%2Fvehicle_49.png?alt=media&token=1c0baf59-ab21-4498-bb2d-0c6c179183c2,"{'1': {'count': 2, 'color': 'Metallic Matte Platinum Silver', 'mileage': 50, 'imageurl': 'https://firebasestorage.googleapis.com/v0/b/vehicle-rental-2.appspot.com/o/vehicle_color%2FSuzuki-Burgman-Street-grey.jpg?alt=media&token=514feb68-ca34-41be-a6b4-474a5060be9f'}, '2': {'count': 2, 'color': ' Metallic Matte Black', 'mileage': 53, 'imageurl': 'https://firebasestorage.googleapis.com/v0/b/vehicle-rental-2.appspot.com/o/vehicle_color%2Fburg-black.png?alt=media&token=4021c270-b8ef-4584-a34a-39b3e7752baf'}}",Suzuki Burgman,,"Borivali, Kandivali, Virar, Vasai Road, Dadar, Bandra, Marine Lines, Nala Sopara, Bhayandar, Mahim, Churchgate, Thane",850,80,Scooter,,,
,4,Luxury,5,,,4,,"Borivali, Kandivali, Virar, Vasai Road, Dadar, Bandra, Marine Lines, Nala Sopara, Bhayandar, Mahim, Churchgate, Thane",QAAIdzNXCGcT7hmCqZR6,https://firebasestorage.googleapis.com/v0/b/vehicle-rental-2.appspot.com/o/vehicle_images%2Fvehicle_21.jpeg?alt=media&token=8af82869-f8e3-4a18-a0a3-051656435b73,"{'1': {'count': 1, 'color': 'Black', 'mileage': 16, 'imageurl': 'https://firebasestorage.googleapis.com/v0/b/vehicle-rental-2.appspot.com/o/vehicle_color%2Fbmw-3-series-phev-lci-black.png?alt=media&token=ae57800e-689b-42ae-b77b-70b751af6bb6'}, '2': {'count': '2', 'color': 'blue', 'mileage': '15', 'imageurl': 'https://firebasestorage.googleapis.com/v0/b/vehicle-rental-2.appspot.com/o/vehicle_color%2FBMW-3-Series-Exterior-blue.jpg?alt=media&token=e1cac249-a6bb-4ba1-b3ee-3d79c3a35722'}}",BMW 3 Series,,"Borivali, Kandivali, Virar, Vasai Road, Dadar, Bandra, Marine Lines, Nala Sopara, Bhayandar, Mahim, Churchgate, Thane",8000,360,Car,,,
,3,Luxury,4.7,,,3,,"Borivali, Kandivali, Virar, Vasai Road, Dadar, Bandra, Marine Lines, Nala Sopara, Bhayandar, Mahim, Churchgate, Thane",RDy5kCXv4MPPAGMjwz5E,https://firebasestorage.googleapis.com/v0/b/vehicle-rental-2.appspot.com/o/vehicle_images%2Fvehicle_33.jpeg?alt=media&token=64311a81-9357-4eba-bdce-ffcf6626d5e1,"{'1': {'count': 1, 'color': 'red', 'mileage': 11, 'imageurl': 'https://firebasestorage.googleapis.com/v0/b/vehicle-rental-2.appspot.com/o/vehicle_color%2F2019-Jaguar-F-PACE-SVR-red.jpg?alt=media&token=806716eb-e202-4543-af42-05dd0b7a040c'}, '2': {'count': 2, 'color': 'blue', 'mileage': 9, 'imageurl': 'https://firebasestorage.googleapis.com/v0/b/vehicle-rental-2.appspot.com/o/vehicle_color%2F2017-Jaguar-F-Pace-First-blue.jpg?alt=media&token=6b1233fc-b837-405b-862d-2e1bf6d8e809'}}",Jaguar F-PACE,,"Borivali, Kandivali, Virar, Vasai Road, Dadar, Bandra, Marine Lines, Nala Sopara, Bhayandar, Mahim, Churchgate, Thane",4500,200,Car,,,
,4,Luxury,4.6,,,3,,"Borivali, Kandivali, Virar, Vasai Road, Dadar, Bandra, Churchgate, Malad, Goregaon, Bhayender, Dahanu, Thane, Kalwa, Karjat",RhWiTs5ksi7nUDdS6JR0,https://firebasestorage.googleapis.com/v0/b/vehicle-rental-2.appspot.com/o/vehicle_images%2Fvehicle_11.webp?alt=media&token=aa7092c6-79e6-4c2f-ae2f-d45d32135f9f,"{'1': {'count': 1, 'color': 'Blue', 'mileage': 22, 'imageurl': 'https://firebasestorage.googleapis.com/v0/b/vehicle-rental-2.appspot.com/o/vehicle_color%2Fford_mustang_shelby_gt350_r-blue.jpg?alt=media&token=9f87aaf0-7f95-4a48-8ef3-340d5717274e'}, '2': {'count': 3, 'color': 'white', 'mileage': 24, 'imageurl': 'https://firebasestorage.googleapis.com/v0/b/vehicle-rental-2.appspot.com/o/vehicle_color%2F2025-ford-mustang-60th-anniversary-edition-8-white.jpg?alt=media&token=f9e974d5-4868-4880-8ddb-a191faa097fb'}}",Ford Mustang,,"Borivali, Kandivali, Virar, Vasai Road, Dadar, Bandra, Churchgate, Malad, Goregaon, Bhayender, Dahanu, Thane, Kalwa, Karjat",5500,250,Car,,,
,5,Luxury,4.7,,,5,,"Borivali, Kandivali, Virar, Vasai Road, Dadar, Bandra",RuqAchVj2RQUQIXbgM3Y,https://firebasestorage.googleapis.com/v0/b/vehicle-rental-2.appspot.com/o/vehicle_images%2Fvehicle_3.jpg?alt=media&token=2cdcb2bd-b8dc-4339-a407-68cd4b14093f,"{'1': {'count': 1, 'color': 'Blue', 'mileage': 5, 'imageurl': 'https://firebasestorage.googleapis.com/v0/b/vehicle-rental-2.appspot.com/o/vehicle_color%2Flamborgini-blue.jpg?alt=media&token=34b281e8-a4ca-45f6-aa05-ea9899d21c50'}, '2': {'count': 1, 'color': 'Light blue', 'mileage': 6, 'imageurl': 'https://firebasestorage.googleapis.com/v0/b/vehicle-rental-2.appspot.com/o/vehicle_color%2FJPrice_Lamborghini_MCW18-light-blue.jpg?alt=media&token=6795e95f-5be6-4d6a-9407-4d0e5fac6a0c'}}",Lamborghini,,"Borivali, Kandivali, Virar, Vasai Road, Dadar, Bandra",5799,260,Car,,,
,1,Cheap,3.9,,,4,,"Borivali, Kandivali, Virar, Vasai Road, Dadar, Bandra",SYM2rRzneh8bMWmp1bFw,https://firebasestorage.googleapis.com/v0/b/vehicle-rental-2.appspot.com/o/vehicle_images%2Fvehicle_6.jpg?alt=media&token=ff369f27-b852-4d83-bc06-42f5feda79a4,"{'1': {'count': 1, 'color': 'Ducati Red', 'mileage': 12, 'imageurl': 'https://firebasestorage.googleapis.com/v0/b/vehicle-rental-2.appspot.com/o/vehicle_color%2Fducati-red.jpg?alt=media&token=c22e6dae-6163-4b78-bbfd-9d64d48fd3db'}, '2': {'count': 2, 'color': 'Iceberg White', 'mileage': 15, 'imageurl': 'https://firebasestorage.googleapis.com/v0/b/vehicle-rental-2.appspot.com/o/vehicle_color%2F180503-Ducati-Monster-797-white.jpg?alt=media&token=44541353-cf6f-4dbf-98ce-bc4e1fde773c'}}",Ducati,,"Borivali, Kandivali, Virar, Vasai Road, Dadar, Bandra",1599,75,Motorbike,,,
,15,Cheap,3.8,,,2,,"Borivali, Kandivali, Virar, Vasai Road, Dadar, Bandra, Marine Lines, Nala Sopara, Bhayandar, Mahim, Churchgate, Thane",Skwy1dFZ2rmEBTTOtdZ2,https://firebasestorage.googleapis.com/v0/b/vehicle-rental-2.appspot.com/o/vehicle_images%2Fvehicle_38.jpeg?alt=media&token=71ebe837-37da-498c-86e2-deda639c248f,"{'1': {'count': 1, 'color': 'White', 'mileage': 3, 'imageurl': 'https://firebasestorage.googleapis.com/v0/b/vehicle-rental-2.appspot.com/o/vehicle_color%2Flions-white.png?alt=media&token=c304c72d-6498-4290-94b8-af67f95cc86f'}, '2': {'count': 2, 'color': 'red', 'mileage': 4, 'imageurl': 'https://firebasestorage.googleapis.com/v0/b/vehicle-rental-2.appspot.com/o/vehicle_color%2Fman-lions-city-12-hybrid-red.jpg?alt=media&token=b56c486a-4dc1-4275-9c66-25969b9ad520'}}",MAN Lions City,,"Borivali, Kandivali, Virar, Vasai Road, Dadar, Bandra, Marine Lines, Nala Sopara, Bhayandar, Mahim, Churchgate, Thane",11000,440,Bus,,,
,2,Cheap,3.7,,,7,,"Borivali, Kandivali, Virar, Vasai Road, Dadar, Bandra, Marine Lines, Nala Sopara, Bhayandar, Mahim, Churchgate",SlxebtfVTBgntocoa8PE,https://firebasestorage.googleapis.com/v0/b/vehicle-rental-2.appspot.com/o/vehicle_images%2Fvehicle_14.jpg?alt=media&token=712d2c54-1ccf-47ae-a670-b93ad5a653c8,"{'1': {'count': 1, 'color': 'orange', 'mileage': 45, 'imageurl': 'https://firebasestorage.googleapis.com/v0/b/vehicle-rental-2.appspot.com/o/vehicle_color%2FTVS_Jupiter_125_product_photos_-orange.jpg?alt=media&token=726970f0-f1dc-4e0d-a0a5-ab616bcf5111'}, '2': {'count': 2, 'color': 'purple', 'mileage': 48, 'imageurl': 'https://firebasestorage.googleapis.com/v0/b/vehicle-rental-2.appspot.com/o/vehicle_color%2Ftvs-jupiter-bs-vi-front-three-quarter-purple.jpg?alt=media&token=d1f2e7f3-e383-4d3d-8ebe-94d014fbd0c7'}}",TVS Jupiter,,"Borivali, Kandivali, Virar, Vasai Road, Dadar, Bandra, Marine Lines, Nala Sopara, Bhayandar, Mahim, Churchgate",800,45,Scooter,,,
,2,Cheap,3,,,3,,"Borivali, Kandivali, Virar, Vasai Road, Dadar, Bandra, Churchgate, Malad, Goregaon, Bhayender, Dahanu, Thane, Kalwa, Karjat",Syfx5P1JHvvbmxsmps5M,https://firebasestorage.googleapis.com/v0/b/vehicle-rental-2.appspot.com/o/vehicle_images%2Fvehicle_9.jpg?alt=media&token=50b27e72-2078-412f-8ac8-21f3e257bf71,"{'1': {'count': 1, 'color': 'Emotional Red\u200b', 'mileage': 15, 'imageurl': 'https://firebasestorage.googleapis.com/v0/b/vehicle-rental-2.appspot.com/o/vehicle_color%2F2018-toyota-camry-se-red.jpg?alt=media&token=c48f9457-6234-43be-b1c1-7591c60a9444'}, '2': {'count': '1', 'color': 'Platinum White Pearl\u200b', 'mileage': '14', 'imageurl': 'https://firebasestorage.googleapis.com/v0/b/vehicle-rental-2.appspot.com/o/vehicle_color%2Ftoyota_camry-xle-usa-white.jpg?alt=media&token=ac101b33-6cda-4bd9-a207-6039ef1e0997'}}",Toyota Camry,,"Borivali, Kandivali, Virar, Vasai Road, Dadar, Bandra, Churchgate, Malad, Goregaon, Bhayender, Dahanu, Thane, Kalwa, Karjat",3500,160,Car,,,
,1,Luxury,4.8,,,3,,"Borivali, Kandivali, Virar, Vasai Road, Dadar, Bandra, Marine Lines, Nala Sopara, Bhayandar, Mahim, Churchgate, Thane",TVwPYNCuZERqbn4ivovP,https://firebasestorage.googleapis.com/v0/b/vehicle-rental-2.appspot.com/o/vehicle_images%2Fvehicle_69.jpeg?alt=media&token=4acd31b3-aa71-4bde-95b8-bde7886131e2,"{'1': {'count': 1, 'color': 'red', 'mileage': 8, 'imageurl': 'https://firebasestorage.googleapis.com/v0/b/vehicle-rental-2.appspot.com/o/vehicle_color%2FKenworth%20W990-red.jpg?alt=media&token=d41bd10e-778e-49d1-9709-62dba80ae7ea'}, '2': {'count': 2, 'color': 'blue', 'mileage': 9, 'imageurl': 'https://firebasestorage.googleapis.com/v0/b/vehicle-rental-2.appspot.com/o/vehicle_color%2FSleeper-Semi-Trucks-Kenworth-W990-blue.jpg?alt=media&token=8f9099bf-158d-4b86-bbd3-c58b5cbd8117'}}",Kenworth W990,,"Borivali, Kandivali, Virar, Vasai Road, Dadar, Bandra, Marine Lines, Nala Sopara, Bhayandar, Mahim, Churchgate, Thane",9200,400,Truck,,,
,4,Luxury,5,,,3,,"Borivali, Kandivali, Virar, Vasai Road, Dadar, Bandra, Marine Lines, Nala Sopara, Bhayandar, Mahim, Churchgate, Thane",TqmHJx6uWkLLJYFO0Ll5,https://firebasestorage.googleapis.com/v0/b/vehicle-rental-2.appspot.com/o/vehicle_images%2Fvehicle_81.jpeg?alt=media&token=3f337a53-a52e-4155-9409-a2eb3e5dbbac,"{'1': {'count': 1, 'color': 'Midnight Black Metallic', 'mileage': 27, 'imageurl': 'https://firebasestorage.googleapis.com/v0/b/vehicle-rental-2.appspot.com/o/vehicle_color%2FToyota-RAV4-Hybrid-Black-Europe-black.webp?alt=media&token=94d7d2cf-d4bd-4baa-98f2-d2cd8f4b6991'}, '2': {'count': 2, 'color': 'Cavalry Blue', 'mileage': 25, 'imageurl': 'https://firebasestorage.googleapis.com/v0/b/vehicle-rental-2.appspot.com/o/vehicle_color%2F-toyota%20rav4-Cavalry%20Blue.jpg?alt=media&token=f248a0a1-e8bd-4ade-b017-b9abf4e2e261'}}",Toyota RAV4,,"Borivali, Kandivali, Virar, Vasai Road, Dadar, Bandra, Marine Lines, Nala Sopara, Bhayandar, Mahim, Churchgate, Thane",6600,300,Car,,,
,2,Cheap,3,,4,,,"Borivali, Kandivali, Virar, Vasai Road, Dadar, Bandra, Marine Lines, Nala Sopara, Bhayandar, Mahim, Churchgate, Thane",UQsOJA86pNXlFTQnAt7o,https://firebasestorage.googleapis.com/v0/b/vehicle-rental-2.appspot.com/o/vehicle_images%2Fvehicle_48.jpeg?alt=media&token=03acee58-a3d7-46b7-85bc-f4c8922e0eea,"{'1': {'count': '1', 'color': 'white', 'mileage': '41', 'imageurl': 'https://firebasestorage.googleapis.com/v0/b/vehicle-rental-2.appspot.com/o/vehicle_color%2Faprilia-sr-150-front-3-quarter-white.jpg?alt=media&token=d8552785-dafa-41e7-b3f7-9c09c099fb5c'}, '2': {'count': '2', 'color': 'grey', 'mileage': '40', 'imageurl': 'https://firebasestorage.googleapis.com/v0/b/vehicle-rental-2.appspot.com/o/vehicle_color%2FAprilia-SR-150-Race-side-grey.jpg?alt=media&token=a47b92ba-43f1-4656-a14e-3d573fe5c93d'}}",Aprilia SR 150,,"Borivali, Kandivali, Virar, Vasai Road, Dadar, Bandra, Marine Lines, Nala Sopara, Bhayandar, Mahim, Churchgate, Thane",950,50,Scooter,,,
,2,Cheap,4,,,3,,"Borivali, Kandivali, Virar, Vasai Road, Dadar, Bandra, Marine Lines, Nala Sopara, Bhayandar, Mahim, Churchgate, Thane",UbR3tfebRQWLVTv8boIX,https://firebasestorage.googleapis.com/v0/b/vehicle-rental-2.appspot.com/o/vehicle_images%2Fvehicle_74.webp?alt=media&token=d0c8aa44-4ee5-44b5-8309-f2c15fdcc654,"{'1': {'count': 1, 'color': 'Red', 'mileage': 7, 'imageurl': 'https://firebasestorage.googleapis.com/v0/b/vehicle-rental-2.appspot.com/o/vehicle_color%2FUsed-2016-Freightliner-Cascadia-125-Evolution-Sleeper-Cummins-ISX-450-HP-10-Speed-Manual-red.jpg?alt=media&token=ca8ebe27-e910-481c-bd6f-11964c164c7f'}, '2': {'count': 2, 'color': 'Green', 'mileage': 8, 'imageurl': 'https://firebasestorage.googleapis.com/v0/b/vehicle-rental-2.appspot.com/o/vehicle_color%2FUsed-2018-Freightliner-Cascadia--green.jpg?alt=media&token=74f82dda-763c-4095-96f9-dfff26814a2b'}}",Freightliner Cascadia,,"Borivali, Kandivali, Virar, Vasai Road, Dadar, Bandra, Marine Lines, Nala Sopara, Bhayandar, Mahim, Churchgate, Thane",4500,200,Truck,,,
,3,Cheap,3.6,,,4,,"Borivali, Kandivali, Virar, Vasai Road, Dadar, Bandra, Marine Lines, Nala Sopara, Bhayandar, Mahim, Churchgate, Thane",V9ryPV7LGrOW1cFpJZr8,https://firebasestorage.googleapis.com/v0/b/vehicle-rental-2.appspot.com/o/vehicle_images%2Fvehicle_25.jpeg?alt=media&token=0ffb6fdb-7841-4269-976c-feff24b6c578,"{'1': {'count': 1, 'color': 'Grey', 'mileage': 34, 'imageurl': 'https://firebasestorage.googleapis.com/v0/b/vehicle-rental-2.appspot.com/o/vehicle_color%2F550195-nissan-altima-grey.jpeg?alt=media&token=02ca83f7-f1c8-45ac-9dfb-045764f2d561'}, '2': {'count': 2, 'color': 'White', 'mileage': 33, 'imageurl': 'https://firebasestorage.googleapis.com/v0/b/vehicle-rental-2.appspot.com/o/vehicle_color%2FNissan%20Altima-white.jpg?alt=media&token=a6114bca-43cc-42b4-8e75-7c4632e48c71'}}",Nissan Altima,,"Borivali, Kandivali, Virar, Vasai Road, Dadar, Bandra, Marine Lines, Nala Sopara, Bhayandar, Mahim, Churchgate, Thane",4000,180,Car,,,
,2,Luxury,4,,,3,,"Borivali, Kandivali, Virar, Vasai Road, Dadar, Bandra, Marine Lines, Nala Sopara, Bhayandar, Mahim, Churchgate, Thane",VMMdPYD3uLBod9NzGmgZ,https://firebasestorage.googleapis.com/v0/b/vehicle-rental-2.appspot.com/o/vehicle_images%2Fvehicle_25.jpeg?alt=media&token=0ffb6fdb-7841-4269-976c-feff24b6c578,"{'1': {'count': 1, 'color': 'Ibis White\u200b ', 'mileage': 12, 'imageurl': 'https://firebasestorage.googleapis.com/v0/b/vehicle-rental-2.appspot.com/o/vehicle_color%2Faudi-a4-white.jpg?alt=media&token=d54074c3-f8aa-47c4-96d1-5aa1205e2670'}, '2': {'count': 2, 'color': 'Navarra Blue Metallic', 'mileage': 13, 'imageurl': 'https://firebasestorage.googleapis.com/v0/b/vehicle-rental-2.appspot.com/o/vehicle_color%2FAudi-a4-blue.jpg?alt=media&token=2b1ff9fe-0eb9-431f-afee-34908beac996'}}",Audi A4,,"Borivali, Kandivali, Virar, Vasai Road, Dadar, Bandra, Marine Lines, Nala Sopara, Bhayandar, Mahim, Churchgate, Thane",4500,200,Car,,,
,4,Cheap,3.5,,,2,,"Borivali, Kandivali, Virar, Vasai Road, Dadar, Bandra, Marine Lines, Nala Sopara, Bhayandar, Mahim, Churchgate, Thane",WWNdOrnvGNLMbzAwpY6p,https://firebasestorage.googleapis.com/v0/b/vehicle-rental-2.appspot.com/o/vehicle_images%2Fvehicle_20.jpeg?alt=media&token=cbbc4fda-5cd9-480a-a07a-bbe255bcc876,"{'1': {'count': 1, 'color': 'Summit White', 'mileage': 18, 'imageurl': 'https://firebasestorage.googleapis.com/v0/b/vehicle-rental-2.appspot.com/o/vehicle_color%2F1-Chevrolet-Silverado-white.jpg?alt=media&token=a2d25c55-472e-4433-add0-59254f3b9017'}, '2': {'count': 2, 'color': 'Radiant Red Tintcoat', 'mileage': 20, 'imageurl': 'https://firebasestorage.googleapis.com/v0/b/vehicle-rental-2.appspot.com/o/vehicle_color%2Fchevrolet_silverado_lt_trail_red.jpeg?alt=media&token=df33bbca-3db9-4e90-81fb-b0a40fa2ed2e'}}",Chevrolet Silverado,,"Borivali, Kandivali, Virar, Vasai Road, Dadar, Bandra, Marine Lines, Nala Sopara, Bhayandar, Mahim, Churchgate, Thane",5000,230,Truck,,,
,4,Luxury,5,,,6,,"Borivali, Kandivali, Virar, Vasai Road, Dadar, Bandra, Marine Lines, Nala Sopara, Bhayandar, Mahim, Churchgate",XGACVjzSRbTw1SdnhLci,https://firebasestorage.googleapis.com/v0/b/vehicle-rental-2.appspot.com/o/vehicle_images%2Fvehicle_19.jpg?alt=media&token=23acfeec-8be8-4c76-baed-77382ffdf106,"{'1': {'count': 1, 'color': 'red', 'mileage': 15, 'imageurl': 'https://firebasestorage.googleapis.com/v0/b/vehicle-rental-2.appspot.com/o/vehicle_color%2FMahindra-Thar-red.jpg?alt=media&token=dc31359b-53fd-412d-a25c-269f4cb8341f'}, '2': {'count': 2, 'color': 'black', 'mileage': 13, 'imageurl': 'https://firebasestorage.googleapis.com/v0/b/vehicle-rental-2.appspot.com/o/vehicle_color%2FMahindrathar_1black.jpg?alt=media&token=194e1303-8f26-42ac-8095-9550482044c1'}}",Thar,,"Borivali, Kandivali, Virar, Vasai Road, Dadar, Bandra, Marine Lines, Nala Sopara, Bhayandar, Mahim, Churchgate",6800,300,Car,,,
,3,Cheap,3.9,,,5,,"Borivali, Kandivali, Virar, Vasai Road, Dadar, Bandra, Churchgate, Malad, Goregaon, Bhayender, Dahanu, Thane, Kalwa, Karjat",XKRcn01LhVT0b3ppMFFf,https://firebasestorage.googleapis.com/v0/b/vehicle-rental-2.appspot.com/o/vehicle_images%2Fvehicle_8.jpg?alt=media&token=303fcb11-bb94-4329-9d64-5f55b7e5924c,"{'1': {'count': 1, 'color': 'Moonlight Silver\u200b', 'mileage': 16, 'imageurl': 'https://firebasestorage.googleapis.com/v0/b/vehicle-rental-2.appspot.com/o/vehicle_color%2Frenault-duster-silver.jpg?alt=media&token=927064af-6a84-4ddb-b81d-eee4f7312ee6'}, '2': {'count': 2, 'color': 'Cayenne Orange', 'mileage': 17, 'imageurl': 'https://firebasestorage.googleapis.com/v0/b/vehicle-rental-2.appspot.com/o/vehicle_color%2Frenault-duster-orange.jpg?alt=media&token=46600549-e2b1-4f62-830f-0553476c643b'}}",Renault Duster,,"Borivali, Kandivali, Virar, Vasai Road, Dadar, Bandra, Churchgate, Malad, Goregaon, Bhayender, Dahanu, Thane, Kalwa, Karjat",2200,100,Car,,,
,11,Cheap,4,,,1,,"Borivali, Kandivali, Virar, Vasai Road, Dadar, Bandra, Marine Lines, Nala Sopara, Bhayandar, Mahim, Churchgate, Thane",XXkDwzkZRLa7fC8agMpn,https://firebasestorage.googleapis.com/v0/b/vehicle-rental-2.appspot.com/o/vehicle_images%2Fvehicle_39.jpeg?alt=media&token=5426540a-4b6c-44e2-9a2b-21f7bd2e77b1,"{'1': {'count': 1, 'color': 'Black', 'mileage': 6, 'imageurl': 'https://firebasestorage.googleapis.com/v0/b/vehicle-rental-2.appspot.com/o/vehicle_color%2FCX45-Web-Image-black.png?alt=media&token=09fe4c13-f8f6-40a4-b536-31f1faf5a674'}, '2': {'count': 1, 'color': 'White', 'mileage': 7, 'imageurl': 'https://firebasestorage.googleapis.com/v0/b/vehicle-rental-2.appspot.com/o/vehicle_color%2FVan%20Hool%20CX45-white.jpg?alt=media&token=3c328085-edfd-4b95-b751-8f407b1c21d9'}}",Van Hool CX45,,"Borivali, Kandivali, Virar, Vasai Road, Dadar, Bandra, Marine Lines, Nala Sopara, Bhayandar, Mahim, Churchgate, Thane",8000,350,Bus,,,
,1,Luxury,4.7,,,5,,"Borivali, Kandivali, Virar, Vasai Road, Dadar, Bandra",Xjl7Uwlx5NkjG49yj6LU,https://firebasestorage.googleapis.com/v0/b/vehicle-rental-2.appspot.com/o/vehicle_images%2Fvehicle_5.jpg?alt=media&token=c34c3c8e-2d5e-477e-8662-7d003ca05609,"{'1': {'count': 1, 'color': 'Halcyon Black', 'mileage': 80, 'imageurl': 'https://firebasestorage.googleapis.com/v0/b/vehicle-rental-2.appspot.com/o/vehicle_color%2Fhalycon-black-royal.jpg?alt=media&token=c44fa8ad-e060-433f-b69f-881163a63a5e'}, '2': {'count': 2, 'color': 'Gun Grey', 'mileage': 85, 'imageurl': 'https://firebasestorage.googleapis.com/v0/b/vehicle-rental-2.appspot.com/o/vehicle_color%2F2022-royal-enfield-classic-350-review-grey.jpg?alt=media&token=b54c23ee-2278-4a01-909a-77fc43df9244'}}",Royal Enfield Classic 350,,"Borivali, Kandivali, Virar, Vasai Road, Dadar, Bandra",3000,150,Motorbike,,,
,2,Luxury,5,3,,,,"Borivali, Kandivali, Virar, Vasai Road, Dadar, Bandra",XzYjBYm1hPZZ5NyEKyYH,https://firebasestorage.googleapis.com/v0/b/vehicle-rental-2.appspot.com/o/vehicle_images%2Fvehicle_4.jpg?alt=media&token=bbb6a95c-14bf-4a69-b719-8fa64319fdb7,"{'1': {'count': 1, 'color': 'Arsenal Black', 'mileage': 32, 'imageurl': 'https://firebasestorage.googleapis.com/v0/b/vehicle-rental-2.appspot.com/o/vehicle_color%2Fapache-rtr-Arsenal%20Black.jpg?alt=media&token=fa8efe43-6f15-4dbc-a138-871b40ad0e25'}, '2': {'count': 2, 'color': 'Fury Yellow', 'mileage': 34, 'imageurl': 'https://firebasestorage.googleapis.com/v0/b/vehicle-rental-2.appspot.com/o/vehicle_color%2Fapache-rtr-310-fury-yellow.jpg?alt=media&token=0b38f810-252d-4cfe-ba04-20f0f8591aa6'}}",Apache rtr 310,,"Borivali, Kandivali, Virar, Vasai Road, Dadar, Bandra",2500,120,Motorbike,,,
,17,Luxury,4.2,,,2,,"Borivali, Kandivali, Virar, Vasai Road, Dadar, Bandra, Marine Lines, Nala Sopara, Bhayandar, Mahim, Churchgate, Thane",Y4jjENyuSb2GGnbS2sV5,https://firebasestorage.googleapis.com/v0/b/vehicle-rental-2.appspot.com/o/vehicle_images%2Fvehicle_43.jpg?alt=media&token=c8f92c27-ac3b-473a-bc4b-c113aba61e77,"{'1': {'count': 1, 'color': 'white', 'mileage': 4, 'imageurl': 'https://firebasestorage.googleapis.com/v0/b/vehicle-rental-2.appspot.com/o/vehicle_color%2FGillig%20Low%20Floor-white.jpg?alt=media&token=4fdf00cb-4c68-4304-9243-d2405d91c321'}, '2': {'count': 1, 'color': 'blue', 'mileage': 5, 'imageurl': 'https://firebasestorage.googleapis.com/v0/b/vehicle-rental-2.appspot.com/o/vehicle_color%2FGillig%20Low%20Floor-blue.jpg?alt=media&token=fc0ee38a-4150-4120-8a84-1a69b422e18c'}}",Gillig Low Floor,,"Borivali, Kandivali, Virar, Vasai Road, Dadar, Bandra, Marine Lines, Nala Sopara, Bhayandar, Mahim, Churchgate, Thane",19000,900,Bus,,,
,2,Cheap,4,,,4,,"Borivali, Kandivali, Virar, Vasai Road, Dadar, Bandra, Marine Lines, Nala Sopara, Bhayandar, Mahim, Churchgate, Thane",Y78gnHB6czOUrIj6KZEf,https://firebasestorage.googleapis.com/v0/b/vehicle-rental-2.appspot.com/o/vehicle_images%2Fvehicle_52.jpeg?alt=media&token=950f6383-43b4-4167-b0f1-795756c15c41,"{'1': {'count': 3, 'color': 'cyan', 'mileage': 100, 'imageurl': 'https://firebasestorage.googleapis.com/v0/b/vehicle-rental-2.appspot.com/o/vehicle_color%2FGENUINE_BUDDY_SEAFOAM_cyan.jpg?alt=media&token=b4383c35-d6f7-462e-9295-5487f27f1195'}, '2': {'count': 2, 'color': 'orange', 'mileage': 90, 'imageurl': 'https://firebasestorage.googleapis.com/v0/b/vehicle-rental-2.appspot.com/o/vehicle_color%2Fgenuine-scooter-buddy-50-orange.jpg?alt=media&token=de367451-1e3f-4751-baa7-526ce4a9a7b5'}}",Genuine Buddy,,"Borivali, Kandivali, Virar, Vasai Road, Dadar, Bandra, Marine Lines, Nala Sopara, Bhayandar, Mahim, Churchgate, Thane",850,42,Scooter,,,
,6,Luxury,4.2,,,3,,"Borivali, Kandivali, Virar, Vasai Road, Dadar, Bandra, Marine Lines, Nala Sopara, Bhayandar, Mahim, Churchgate, Thane",YeXv7cuB7PomiqXm3qZ3,https://firebasestorage.googleapis.com/v0/b/vehicle-rental-2.appspot.com/o/vehicle_images%2Fvehicle_72.jpg?alt=media&token=0f51ceba-3056-41ac-bfef-e4a3d95a0d0c,"{'1': {'count': 1, 'color': 'orange', 'mileage': 7, 'imageurl': ''}, '2': {'count': 1, 'color': 'white', 'mileage': 8, 'imageurl': ''}}",TATA 328S,,"Borivali, Kandivali, Virar, Vasai Road, Dadar, Bandra, Marine Lines, Nala Sopara, Bhayandar, Mahim, Churchgate, Thane",10200,450,Truck,,,
,14,Cheap,3.9,,,3,,"Borivali, Kandivali, Virar, Vasai Road, Dadar, Bandra, Marine Lines, Nala Sopara, Bhayandar, Mahim, Churchgate, Thane",ZPKbwVTMm0IE9eTXrbuJ,https://firebasestorage.googleapis.com/v0/b/vehicle-rental-2.appspot.com/o/vehicle_images%2Fvehicle_97.jpeg?alt=media&token=44d7e601-7bcb-429a-af0e-55bc48992830,"{'1': {'count': 1, 'color': 'Grey', 'mileage': 6, 'imageurl': 'https://firebasestorage.googleapis.com/v0/b/vehicle-rental-2.appspot.com/o/vehicle_color%2Fmercedes-benz_citaro-grey.jpg?alt=media&token=d5339cdb-77c5-44c4-8fdf-715dcc931852'}, '2': {'count': 2, 'color': 'yellow', 'mileage': 7, 'imageurl': 'https://firebasestorage.googleapis.com/v0/b/vehicle-rental-2.appspot.com/o/vehicle_color%2Fcilantro-yellow.jpg?alt=media&token=faa1001a-9b13-4d98-8989-aecbf4446e9a'}}", Mercedes-Benz Citaro,,"Borivali, Kandivali, Virar, Vasai Road, Dadar, Bandra, Marine Lines, Nala Sopara, Bhayandar, Mahim, Churchgate, Thane",7000,310,Bus,,,
,3,Cheap,4.1,,,3,,"Borivali, Kandivali, Virar, Vasai Road, Dadar, Bandra, Marine Lines, Nala Sopara, Bhayandar, Mahim, Churchgate, Thane",bCgWsv8qs4AnsxcQjvGL,https://firebasestorage.googleapis.com/v0/b/vehicle-rental-2.appspot.com/o/vehicle_images%2Fvehicle_83.png?alt=media&token=23893052-9162-4a56-9f7b-d798804cddd4,"{'1': {'count': 2, 'color': 'Clear White', 'mileage': 18, 'imageurl': 'https://firebasestorage.googleapis.com/v0/b/vehicle-rental-2.appspot.com/o/vehicle_color%2FNovo-Kia-Seltos%20white.jpg?alt=media&token=30c34fb9-d116-4d68-a29a-b1ee07732d8e'}, '2': {'count': 1, 'color': 'Sparkling Silver', 'mileage': 17, 'imageurl': 'https://firebasestorage.googleapis.com/v0/b/vehicle-rental-2.appspot.com/o/vehicle_color%2FKia-Seltos-GT-Line_HERO-16x9-silver.jpg?alt=media&token=e8bac161-9c65-4192-830c-f57394509dff'}}",Kia Seltos,,"Borivali, Kandivali, Virar, Vasai Road, Dadar, Bandra, Marine Lines, Nala Sopara, Bhayandar, Mahim, Churchgate, Thane",3270,150,Car,,,
,4,Luxury,4.7,,,3,,"Borivali, Kandivali, Virar, Vasai Road, Dadar, Bandra, Marine Lines, Nala Sopara, Bhayandar, Mahim, Churchgate, Thane",bDshDxme19CmCJrU41n7,https://firebasestorage.googleapis.com/v0/b/vehicle-rental-2.appspot.com/o/vehicle_images%2Fvehicle_78.jpeg?alt=media&token=280955ff-b374-4624-be09-efd4089034e9,"{'1': {'count': 2, 'color': 'Radiant Red Tintcoat', 'mileage': 26, 'imageurl': 'https://firebasestorage.googleapis.com/v0/b/vehicle-rental-2.appspot.com/o/vehicle_color%2Fchevrolet_equinox_red.jpeg?alt=media&token=438da0b2-26e1-4cce-9430-003a883b191d'}, '2': {'count': 1, 'color': 'Riptide Blue Metallic', 'mileage': 27, 'imageurl': 'https://firebasestorage.googleapis.com/v0/b/vehicle-rental-2.appspot.com/o/vehicle_color%2Fchevrolet_equinox_ev_3lt_2024_5k_2-blue.jpg?alt=media&token=b5d76103-2338-4e14-bbee-3b32ab1d5b21'}}",Chevrolet Equinox,,"Borivali, Kandivali, Virar, Vasai Road, Dadar, Bandra, Marine Lines, Nala Sopara, Bhayandar, Mahim, Churchgate, Thane",5500,250,Car,,,
,4,Cheap,3.3,,,3,,"Borivali, Kandivali, Virar, Vasai Road, Dadar, Bandra, Churchgate, Malad, Goregaon, Bhayender, Dahanu, Thane, Kalwa, Karjat",bPRYhFeVCOSmPcMZdTyz,https://firebasestorage.googleapis.com/v0/b/vehicle-rental-2.appspot.com/o/vehicle_images%2Fvehicle_10.jpeg?alt=media&token=73945bbf-740c-443e-8222-e62de3caf407,"{'1': {'count': 2, 'color': 'Radiant Red Metallic', 'mileage': 26, 'imageurl': 'https://firebasestorage.googleapis.com/v0/b/vehicle-rental-2.appspot.com/o/vehicle_color%2F2021-honda-civic-sdn_100756987_red.jpg?alt=media&token=4782bdef-95af-4a5c-90b9-e8f968b426f3'}, '2': {'count': 1, 'color': 'Modern Steel Metallic', 'mileage': 24, 'imageurl': 'https://firebasestorage.googleapis.com/v0/b/vehicle-rental-2.appspot.com/o/vehicle_color%2FHonda-Civic-e_HEV-HERO-3x2-metal.webp?alt=media&token=36033d5b-d7f4-4912-a225-c16ff47eeb4d'}}",Honda Civic,,"Borivali, Kandivali, Virar, Vasai Road, Dadar, Bandra, Churchgate, Malad, Goregaon, Bhayender, Dahanu, Thane, Kalwa, Karjat",2400,120,Car,,,
,2,Cheap,3.4,,,4,,"Borivali, Kandivali, Virar, Vasai Road, Dadar, Bandra, Marine Lines, Nala Sopara, Bhayandar, Mahim, Churchgate, Thane",barP6qNtdBS6aQfy84fI,https://firebasestorage.googleapis.com/v0/b/vehicle-rental-2.appspot.com/o/vehicle_images%2Fvehicle_34.jpeg?alt=media&token=0e6e8bbf-896c-4c8a-8051-b11029c28198,"{'1': {'count': 1, 'color': 'Hakuba Silver ', 'mileage': 19, 'imageurl': 'https://firebasestorage.googleapis.com/v0/b/vehicle-rental-2.appspot.com/o/vehicle_color%2F1-2017_Land_Rover_Discovery_Silicon_Silver.jpg?alt=media&token=6760ca66-36c6-4e7c-a784-21f4ed6d183d'}, '2': {'count': 2, 'color': 'Yulong White\u200b', 'mileage': 21, 'imageurl': 'https://firebasestorage.googleapis.com/v0/b/vehicle-rental-2.appspot.com/o/vehicle_color%2Fland-rover-discovery-web-2017-white.jpg?alt=media&token=6f0b68e3-52ae-466a-a10d-30c3c28f1ff3'}}",Land Rover DiscoveryE,,"Borivali, Kandivali, Virar, Vasai Road, Dadar, Bandra, Marine Lines, Nala Sopara, Bhayandar, Mahim, Churchgate, Thane",3000,140,Car,,,
,16,Cheap,4.9,,,1,,"Borivali, Kandivali, Virar, Vasai Road, Dadar, Bandra, Marine Lines, Nala Sopara, Bhayandar, Mahim, Churchgate",bbMAbqpPZ6lol21ViN9x,https://firebasestorage.googleapis.com/v0/b/vehicle-rental-2.appspot.com/o/vehicle_images%2Fvehicle_18.jpg?alt=media&token=3db1100f-2bec-466f-8463-6f5f3f7275d2,"{'1': {'count': 1, 'color': 'cyan', 'mileage': 4, 'imageurl': 'https://firebasestorage.googleapis.com/v0/b/vehicle-rental-2.appspot.com/o/vehicle_color%2FVolvo%209600-cyan.jpg?alt=media&token=d9358e82-d893-498f-a4ee-27aaf07bbe92'}, '2': {'count': 1, 'color': 'White', 'mileage': 5, 'imageurl': 'https://firebasestorage.googleapis.com/v0/b/vehicle-rental-2.appspot.com/o/vehicle_color%2Fvolvo-9600-white.jpg?alt=media&token=f8637a02-1850-4f94-922e-119a6d615336'}}",Volvo 9600,,"Borivali, Kandivali, Virar, Vasai Road, Dadar, Bandra, Marine Lines, Nala Sopara, Bhayandar, Mahim, Churchgate",10000,500,Bus,,,
,3,Luxury,4.7,,,5,,"Borivali, Kandivali, Virar, Vasai Road, Dadar, Bandra, Marine Lines, Nala Sopara, Bhayandar, Mahim, Churchgate, Thane",c9ZvPO4CItvjTSlZZgB5,https://firebasestorage.googleapis.com/v0/b/vehicle-rental-2.appspot.com/o/vehicle_images%2Fvehicle_80.jpeg?alt=media&token=0e6612f6-bf06-4cdd-aeb5-20aaa43f86ad,"{'1': {'count': 1, 'color': 'Glacier White', 'mileage': 30, 'imageurl': 'https://firebasestorage.googleapis.com/v0/b/vehicle-rental-2.appspot.com/o/vehicle_color%2FNissan%20Rogue-white.jpg?alt=media&token=472d6601-b02f-4c7d-b600-7cb75bd3dfa6'}, '2': {'count': '2', 'color': 'Champagne Silver Metallic\u200b', 'mileage': '32', 'imageurl': 'https://firebasestorage.googleapis.com/v0/b/vehicle-rental-2.appspot.com/o/vehicle_color%2F2024-Nissan-Rogue-silver.jpg?alt=media&token=4f5408e7-a73d-4eb4-a06b-91582d84289a'}}",Nissan Rogue,,"Borivali, Kandivali, Virar, Vasai Road, Dadar, Bandra, Marine Lines, Nala Sopara, Bhayandar, Mahim, Churchgate, Thane",4800,230,Car,,,
,2,Cheap,3.9,,,3,,"Borivali, Kandivali, Virar, Vasai Road, Dadar, Bandra, Marine Lines, Nala Sopara, Bhayandar, Mahim, Churchgate",dejMvHMzF0Zf8w0fqG7h,https://firebasestorage.googleapis.com/v0/b/vehicle-rental-2.appspot.com/o/vehicle_images%2Faudir8.png?alt=media&token=a9903366-ab07-41da-95bf-91737062d21c,"{'1': {'count': 1, 'color': 'Ibis White', 'mileage': 7, 'imageurl': 'https://firebasestorage.googleapis.com/v0/b/vehicle-rental-2.appspot.com/o/vehicle_color%2Faudi-r8-japan-final-white.jpg?alt=media&token=e7e90bda-3fe0-4d3b-8d3f-d8db22933e81'}, '2': {'count': 2, 'color': 'Dynamite Red', 'mileage': 6, 'imageurl': 'https://firebasestorage.googleapis.com/v0/b/vehicle-rental-2.appspot.com/o/vehicle_color%2F2020_audi_r8_v10_performance-red.jpg?alt=media&token=8200dd91-7ea5-4cbb-b64d-f2134867d69d'}}",Audi R8,,"Borivali, Kandivali, Virar, Vasai Road, Dadar, Bandra, Marine Lines, Nala Sopara, Bhayandar, Mahim, Churchgate",2000,90,Car,,,
,1,Cheap,3.5,,,8,,"Borivali, Kandivali, Virar, Vasai Road, Dadar, Bandra, Marine Lines, Nala Sopara, Bhayandar, Mahim, Churchgate, Thane",dfqGxcbejmbIfxjIsmly,https://firebasestorage.googleapis.com/v0/b/vehicle-rental-2.appspot.com/o/vehicle_images%2Fvehicle_56.webp?alt=media&token=136ce51d-6417-4ee3-8c9a-45d7ce780d78,,Cannondale Synapse,,"Borivali, Kandivali, Virar, Vasai Road, Dadar, Bandra, Marine Lines, Nala Sopara, Bhayandar, Mahim, Churchgate, Thane",400,18,Cycle,,,
,4,Luxury,5,,,3,,"Borivali, Kandivali, Virar, Vasai Road, Dadar, Bandra, Marine Lines, Nala Sopara, Bhayandar, Mahim, Churchgate, Thane",dhjIkRdCR54ikYXH0u3v,https://firebasestorage.googleapis.com/v0/b/vehicle-rental-2.appspot.com/o/vehicle_images%2Fvehicle_31.jpeg?alt=media&token=51f74ae4-3753-402e-8477-88bdcbb8b27e,"{'1': {'count': 2, 'color': 'Graphite Black', 'mileage': 18, 'imageurl': 'https://firebasestorage.googleapis.com/v0/b/vehicle-rental-2.appspot.com/o/vehicle_color%2Flexus_rx_black.jpg?alt=media&token=27fa8a4e-d8c1-403b-bf9f-a028edf352c3'}, '2': {'count': 1, 'color': 'Red Mica Crystal Shine', 'mileage': 16, 'imageurl': 'https://firebasestorage.googleapis.com/v0/b/vehicle-rental-2.appspot.com/o/vehicle_color%2FLexus_RX_red.jpg?alt=media&token=b6f3f3b1-d212-4a05-a71a-4a03194a2a60'}}",Lexus RX,,"Borivali, Kandivali, Virar, Vasai Road, Dadar, Bandra, Marine Lines, Nala Sopara, Bhayandar, Mahim, Churchgate, Thane",7200,320,Car,,,
,5,Cheap,3.9,,,3,,"Borivali, Kandivali, Virar, Vasai Road, Dadar, Bandra, Marine Lines, Nala Sopara, Bhayandar, Mahim, Churchgate, Thane",g2lWHXw42vb4govOIe2a,https://firebasestorage.googleapis.com/v0/b/vehicle-rental-2.appspot.com/o/vehicle_images%2Fvehicle_89.jpeg?alt=media&token=c55c20d0-d4b5-4d16-90fb-1ee414c9d4e4,"{'1': {'count': 1, 'color': 'Black', 'mileage': 26, 'imageurl': 'https://firebasestorage.googleapis.com/v0/b/vehicle-rental-2.appspot.com/o/vehicle_color%2FGENESIS-G80-black.jpg?alt=media&token=1b251c22-d5e3-483b-9e47-ce5d7e891fb8'}, '2': {'count': 2, 'color': 'Red', 'mileage': 23, 'imageurl': 'https://firebasestorage.googleapis.com/v0/b/vehicle-rental-2.appspot.com/o/vehicle_color%2FGenesis%20G80-red.jpg?alt=media&token=4c57d4e6-b918-422d-977d-90ea1bdec992'}}",Genesis G80,,"Borivali, Kandivali, Virar, Vasai Road, Dadar, Bandra, Marine Lines, Nala Sopara, Bhayandar, Mahim, Churchgate, Thane",3270,145,Car,,,
,1,Cheap,3.6,,,10,,"Borivali, Kandivali, Virar, Vasai Road, Dadar, Bandra, Marine Lines, Nala Sopara, Bhayandar, Mahim, Churchgate, Thane",gc6fQxdzh7xUkAZrbEWE,https://firebasestorage.googleapis.com/v0/b/vehicle-rental-2.appspot.com/o/vehicle_images%2Fvehicle_54.jpeg?alt=media&token=47064123-3b8b-49d4-8570-2778feb47986,,Giant Defy,,"Borivali, Kandivali, Virar, Vasai Road, Dadar, Bandra, Marine Lines, Nala Sopara, Bhayandar, Mahim, Churchgate, Thane",420,20,Cycle,,,
,5,Luxury,4.6,,,2,,"Borivali, Kandivali, Virar, Vasai Road, Dadar, Bandra",gfZjRZVDHGlfKRB2VfG3,https://files.prokerala.com/automobile/images/thumbnail/large/tata-nexon-ev-1462/xm.jpg,"{'1': {'count': 1, 'color': 'Flame Red', 'mileage': 17, 'imageurl': 'https://firebasestorage.googleapis.com/v0/b/vehicle-rental-2.appspot.com/o/vehicle_color%2Ftata_nexon-red.jpg?alt=media&token=12b7443d-0096-4641-b130-7a494cdb0ed5'}, '2': {'count': 2, 'color': 'Foliage Green', 'mileage': 18, 'imageurl': 'https://firebasestorage.googleapis.com/v0/b/vehicle-rental-2.appspot.com/o/vehicle_color%2Ftata_nexon-green.jpg?alt=media&token=e1fe0169-05ce-439a-81b4-ba5a89421ea3'}}",Tata Nexon,,"Borivali, Kandivali, Virar, Vasai Road, Dadar, Bandra",8200,370,Car,,,
,1,Cheap,4.8,,,7,,"Borivali, Kandivali, Virar, Vasai Road, Dadar, Bandra, Marine Lines, Nala Sopara, Bhayandar, Mahim, Churchgate, Thane",hu8g06PgN6eaTmlDVqxi,https://firebasestorage.googleapis.com/v0/b/vehicle-rental-2.appspot.com/o/vehicle_images%2Fvehicle_55.jpeg?alt=media&token=dab4d542-7bcd-4b2f-9dbf-f9c85c71cc08,,Specialized Roubaix,,"Borivali, Kandivali, Virar, Vasai Road, Dadar, Bandra, Marine Lines, Nala Sopara, Bhayandar, Mahim, Churchgate, Thane",450,21,Cycle,,,
,2,Luxury,4.2,,,6,,"Borivali, Kandivali, Virar, Vasai Road, Dadar, Bandra, Marine Lines, Nala Sopara, Bhayandar, Mahim, Churchgate, Thane",iz2i0SpXjNzIi8tm2UAJ,https://firebasestorage.googleapis.com/v0/b/vehicle-rental-2.appspot.com/o/vehicle_images%2Fvehicle_65.jpeg?alt=media&token=a029975b-19c4-404b-9e32-4c9fe8f3ea43,"{'1': {'count': 1, 'color': 'Icon Blue', 'mileage': 15, 'imageurl': 'https://firebasestorage.googleapis.com/v0/b/vehicle-rental-2.appspot.com/o/vehicle_color%2FYamaha-YZF-R6-2018-blue.jpg?alt=media&token=1ca7bd86-f97f-44c3-9227-985259cd5c32'}, '2': {'count': 2, 'color': 'Midnight Black', 'mileage': 17, 'imageurl': 'https://firebasestorage.googleapis.com/v0/b/vehicle-rental-2.appspot.com/o/vehicle_color%2F2017-Yamaha-YZF-R6-Black.jpg?alt=media&token=8c5f9b77-c4b8-485a-bd11-45e5552b4bc3'}}",Yamaha YZF-R6,,"Borivali, Kandivali, Virar, Vasai Road, Dadar, Bandra, Marine Lines, Nala Sopara, Bhayandar, Mahim, Churchgate, Thane",3300,160,Motorbike,,,
,3,Cheap,4,,,3,,"Borivali, Kandivali, Virar, Vasai Road, Dadar, Bandra, Marine Lines, Nala Sopara, Bhayandar, Mahim, Churchgate",juw8yESd6W87Qi7xblxq,https://firebasestorage.googleapis.com/v0/b/vehicle-rental-2.appspot.com/o/vehicle_images%2Fvehicle_16.jpg?alt=media&token=e7531046-d697-4e5f-af3d-3356334fc261,"{'1': {'count': 1, 'color': 'Blue', 'mileage': 10, 'imageurl': 'https://firebasestorage.googleapis.com/v0/b/vehicle-rental-2.appspot.com/o/vehicle_color%2FEicher%20Pro%202059-blue.jpg?alt=media&token=79df9ddb-544f-486e-955e-a0f80438c128'}, '2': {'count': 2, 'color': 'red', 'mileage': 9, 'imageurl': 'https://firebasestorage.googleapis.com/v0/b/vehicle-rental-2.appspot.com/o/vehicle_color%2FEicher%20Pro%202059-red.jpg?alt=media&token=1dfe117c-fac4-494d-a43d-62e160ac094d'}}",Eicher Pro 2059,,"Borivali, Kandivali, Virar, Vasai Road, Dadar, Bandra, Marine Lines, Nala Sopara, Bhayandar, Mahim, Churchgate",4000,180,Truck,,,
,2,Cheap,4,,,6,,"Borivali, Kandivali, Virar, Vasai Road, Dadar, Bandra, Churchgate, Malad, Goregaon, Bhayender, Dahanu, Thane, Kalwa, Karjat",jzBG255QtB9gMVwivRhQ,https://firebasestorage.googleapis.com/v0/b/vehicle-rental-2.appspot.com/o/vehicle_images%2Fvehicle_7.jpg?alt=media&token=052afa5c-b64c-41c8-a043-d586f7fd7029,"{'4': {'mileage': 50, 'color': 'Matte Axis Grey Metallic', 'count': 3, 'imageurl': 'https://firebasestorage.googleapis.com/v0/b/vehicle-rental-2.appspot.com/o/vehicle_color%2Fhonda-activa-5g-matte-selene-silver-metallic.png?alt=media&token=50ece45d-9ddb-429a-909e-6b7a2c9e187c'}, '3': {'mileage': 48, 'color': 'Pearl Amazing White', 'count': 4, 'imageurl': 'https://firebasestorage.googleapis.com/v0/b/vehicle-rental-2.appspot.com/o/vehicle_color%2Fhonda-activa-5g-pearl-amazing-white.png?alt=media&token=e768b85e-3189-445d-8b70-6e1966620d98'}, '1': {'count': 2, 'color': 'Pearl Spartan Red', 'mileage': 50, 'imageurl': 'https://firebasestorage.googleapis.com/v0/b/vehicle-rental-2.appspot.com/o/vehicle_color%2Fhonda-activa-5g-pearl-spartan-red.png?alt=media&token=ffaa04ad-f492-47ce-8d3f-fd4838d5b8bd'}, '5': {'mileage': 48, 'color': 'black', 'count': 2, 'imageurl': 'https://firebasestorage.googleapis.com/v0/b/vehicle-rental-2.appspot.com/o/vehicle_color%2Fhonda-activa-5g-black.png?alt=media&token=108b62f6-d692-4eeb-967e-0cd9543dcb37'}, '2': {'mileage': 50, 'color': 'Trance Blue Metallic', 'count': 3, 'imageurl': 'https://firebasestorage.googleapis.com/v0/b/vehicle-rental-2.appspot.com/o/vehicle_color%2Fhonda-activa-5g-trance-blue-metallic.png?alt=media&token=77ab59ea-494d-43dc-b6ba-6dff1cf8cf38'}}",Activa 5G,,"Borivali, Kandivali, Virar, Vasai Road, Dadar, Bandra, Churchgate, Malad, Goregaon, Bhayender, Dahanu, Thane, Kalwa, Karjat",750,40,Scooter,,,
,3,Luxury,4.5,,,2,,"Borivali, Kandivali, Virar, Vasai Road, Dadar, Bandra, Marine Lines, Nala Sopara, Bhayandar, Mahim, Churchgate, Thane",k1vQQYSN521bQgYVGwdA,https://firebasestorage.googleapis.com/v0/b/vehicle-rental-2.appspot.com/o/vehicle_images%2Fvehicle_93.jpeg?alt=media&token=6c03a0a3-fd90-4205-88e7-28f4346fd42e,"{'1': {'count': 1, 'color': 'Smoky Mountain Gray', 'mileage': 8, 'imageurl': 'https://firebasestorage.googleapis.com/v0/b/vehicle-rental-2.appspot.com/o/vehicle_color%2FWestern%20Star%205700-grey.jpg?alt=media&token=6852c780-ead2-4763-92dc-a3ec350ca3e2'}, '2': {'count': 1, 'color': 'Maple Leaf Red', 'mileage': 9, 'imageurl': 'https://firebasestorage.googleapis.com/v0/b/vehicle-rental-2.appspot.com/o/vehicle_color%2FWestern%20Star%205700-red.jpg?alt=media&token=ce0afc00-6871-4cc8-b213-1f396a96cab8'}}",Western Star 5700,,"Borivali, Kandivali, Virar, Vasai Road, Dadar, Bandra, Marine Lines, Nala Sopara, Bhayandar, Mahim, Churchgate, Thane",12000,550,Truck,,,
,1,Cheap,3.9,,,8,,"Borivali, Kandivali, Virar, Vasai Road, Dadar, Bandra, Marine Lines, Nala Sopara, Bhayandar, Mahim, Churchgate, Thane",lA8Jf1LbUWe3O8iNSIlK,https://firebasestorage.googleapis.com/v0/b/vehicle-rental-2.appspot.com/o/vehicle_images%2Fvehicle_53.jpeg?alt=media&token=7d1d273d-7a13-49dd-8924-ec5780ae92fb,,Trek Domane,,"Borivali, Kandivali, Virar, Vasai Road, Dadar, Bandra, Marine Lines, Nala Sopara, Bhayandar, Mahim, Churchgate, Thane",380,17,Cycle,,,
,5,Luxury,4.4,,,3,,"Borivali, Kandivali, Virar, Vasai Road, Dadar, Bandra, Marine Lines, Nala Sopara, Bhayandar, Mahim, Churchgate, Thane",lAdTwxLJ0eXBGCCS9kVT,https://firebasestorage.googleapis.com/v0/b/vehicle-rental-2.appspot.com/o/vehicle_images%2Fvehicle_84.jpeg?alt=media&token=b4c0ed94-743e-4033-8fa9-cff9de2de7b9,"{'1': {'count': 1, 'color': 'Soul Red Crystal Metallic', 'mileage': 27, 'imageurl': 'https://firebasestorage.googleapis.com/v0/b/vehicle-rental-2.appspot.com/o/vehicle_color%2F2019-mazda-mazda-3-104-red.jpg?alt=media&token=95009e65-29e7-4be5-b80a-4deb75a24789'}, '2': {'count': 2, 'color': 'Deep Crystal Blue Mica', 'mileage': 30, 'imageurl': 'https://firebasestorage.googleapis.com/v0/b/vehicle-rental-2.appspot.com/o/vehicle_color%2F2017-Mazda-3-Hatchback-Review-blue.jpg?alt=media&token=fecda0f5-c73a-465c-bae7-a58b7cca8a4e'}}",Mazda3,,"Borivali, Kandivali, Virar, Vasai Road, Dadar, Bandra, Marine Lines, Nala Sopara, Bhayandar, Mahim, Churchgate, Thane",7500,330,Car,,,
2,,Luxury,4.2,,,4,,"Borivali, Kandivali, Virar, Vasai Road, Dadar, Bandra, Marine Lines, Nala Sopara, Bhayandar, Mahim, Churchgate, Thane",o6pa16ePG3RsxJHQ8tZg,https://firebasestorage.googleapis.com/v0/b/vehicle-rental-2.appspot.com/o/vehicle_images%2Fvehicle_45.jpeg?alt=media&token=cfe7af84-d6d5-4e21-85e9-072b40c16cd9,"{'1': {'count': 2, 'color': 'Bianco Perla', 'mileage': 80, 'imageurl': 'https://firebasestorage.googleapis.com/v0/b/vehicle-rental-2.appspot.com/o/vehicle_color%2FBianco%20Perla(white)jpg.webp?alt=media&token=3f976df4-60b8-47f0-b536-c757a25473ad'}, '2': {'count': 1, 'color': 'Grigio Titanio Opaco', 'mileage': 84, 'imageurl': 'https://firebasestorage.googleapis.com/v0/b/vehicle-rental-2.appspot.com/o/vehicle_color%2F2021_liberty_bronzo_3-4-antSX_bianco-Grigio%20Titanio%20Opaco.jpg?alt=media&token=939c6627-7971-49a2-9054-3dd5b1a4adcf'}}",Piaggio Liberty,,"Borivali, Kandivali, Virar, Vasai Road, Dadar, Bandra, Marine Lines, Nala Sopara, Bhayandar, Mahim, Churchgate, Thane",1100,55,Scooter,,,
,3,Cheap,4.2,,,2,,"Borivali, Kandivali, Virar, Vasai Road, Dadar, Bandra, Marine Lines, Nala Sopara, Bhayandar, Mahim, Churchgate, Thane",oGpRaIpqYGUMQp3VuxjT,https://firebasestorage.googleapis.com/v0/b/vehicle-rental-2.appspot.com/o/vehicle_images%2Fvehicle_71.jpeg?alt=media&token=be4f419b-c1e3-4965-a852-7b60c900a689,"{'1': {'count': 1, 'color': 'White', 'mileage': 4, 'imageurl': 'https://firebasestorage.googleapis.com/v0/b/vehicle-rental-2.appspot.com/o/vehicle_color%2Fashok-leyland-white.jpg?alt=media&token=9b62f2dd-ef5e-448f-8e63-088867b1f45e'}}",Ashok Leyland 5525,,"Borivali, Kandivali, Virar, Vasai Road, Dadar, Bandra, Marine Lines, Nala Sopara, Bhayandar, Mahim, Churchgate, Thane",5800,280,Truck,,,
,5,Cheap,4.5,,,5,,"Borivali, Kandivali, Virar, Vasai Road, Dadar, Bandra, Marine Lines, Nala Sopara, Bhayandar, Mahim, Churchgate, Thane",oqrX90Z9eDZmsGaD8qsz,https://firebasestorage.googleapis.com/v0/b/vehicle-rental-2.appspot.com/o/vehicle_images%2Fvehicle_76.jpeg?alt=media&token=6029a44f-5a57-4f4c-a744-4602a860bf08,"{'1': {'count': 1, 'color': 'Oasis Blue Pearl', 'mileage': 30, 'imageurl': 'https://firebasestorage.googleapis.com/v0/b/vehicle-rental-2.appspot.com/o/vehicle_color%2Fsubaru-impreza-sti-22b-formerly-owned-by-colin-blue.jpg?alt=media&token=8459e8f1-47d8-4c9e-ac1e-a5d46034f1ac'}, '2': {'count': 2, 'color': 'Crystal White Pearl', 'mileage': 27, 'imageurl': 'https://firebasestorage.googleapis.com/v0/b/vehicle-rental-2.appspot.com/o/vehicle_color%2Fsubrau%20impreza-Crystal%20White%20Pearl.jpg?alt=media&token=329af05d-e1a1-409a-a670-798a89ea1572'}}",Subaru Impreza,,"Borivali, Kandivali, Virar, Vasai Road, Dadar, Bandra, Marine Lines, Nala Sopara, Bhayandar, Mahim, Churchgate, Thane",2900,135,Car,,,
,5,Luxury,4.8,,,3,,"Borivali, Kandivali, Virar, Vasai Road, Dadar, Bandra",qyo6SkHHXto2ZaZ7CzIT,https://firebasestorage.googleapis.com/v0/b/vehicle-rental-2.appspot.com/o/vehicle_images%2Fvehicle_3.jpg?alt=media&token=2cdcb2bd-b8dc-4339-a407-68cd4b14093f,"{'1': {'count': 1, 'color': 'Grigio Adamas', 'mileage': 11, 'imageurl': 'https://firebasestorage.googleapis.com/v0/b/vehicle-rental-2.appspot.com/o/vehicle_color%2Flamborgini-blue.jpg?alt=media&token=34b281e8-a4ca-45f6-aa05-ea9899d21c50'}, '2': {'count': 2, 'color': 'Arancio Atlas\u200b', 'mileage': 12, 'imageurl': 'https://firebasestorage.googleapis.com/v0/b/vehicle-rental-2.appspot.com/o/vehicle_color%2FJPrice_Lamborghini_MCW18-light-blue.jpg?alt=media&token=6795e95f-5be6-4d6a-9407-4d0e5fac6a0c'}}",Lamborghini Aventador,,"Borivali, Kandivali, Virar, Vasai Road, Dadar, Bandra",5799,260,Car,,,
,20,Luxury,4.8,,,1,,"Borivali, Kandivali, Virar, Vasai Road, Dadar, Bandra, Marine Lines, Nala Sopara, Bhayandar, Mahim, Churchgate, Thane",r77XvOvSuIXHd96mfTLk,https://firebasestorage.googleapis.com/v0/b/vehicle-rental-2.appspot.com/o/vehicle_images%2Fvehicle_98.jpg?alt=media&token=d286d497-ee09-4aec-b778-2699dfe4c530,"{'1': {'count': 1, 'color': 'lime', 'mileage': 33, 'imageurl': 'https://firebasestorage.googleapis.com/v0/b/vehicle-rental-2.appspot.com/o/vehicle_color%2FVolvo%207900%20Electric-lime.jpg?alt=media&token=d18be428-9b39-420b-ad0f-827f03a6446c'}, '2': {'count': 2, 'color': 'red', 'mileage': 30, 'imageurl': 'https://firebasestorage.googleapis.com/v0/b/vehicle-rental-2.appspot.com/o/vehicle_color%2FVolvo%207900%20Electric-red.jpg?alt=media&token=83c4431b-e3ff-4970-903e-41ce8bcccda9'}}",Volvo 7900 Electric,,"Borivali, Kandivali, Virar, Vasai Road, Dadar, Bandra, Marine Lines, Nala Sopara, Bhayandar, Mahim, Churchgate, Thane",21000,975,Bus,,,
,2,Luxury,4.9,,,3,,"Borivali, Kandivali, Virar, Vasai Road, Dadar, Bandra, Marine Lines, Nala Sopara, Bhayandar, Mahim, Churchgate, Thane",r8Z709uAL56Ltj1aGz4S,https://firebasestorage.googleapis.com/v0/b/vehicle-rental-2.appspot.com/o/vehicle_images%2Fvehicle_67.webp?alt=media&token=7e070dde-c6c0-42c1-9543-9ea1810fce43,"{'1': {'count': 1, 'color': 'Silver Ice', 'mileage': 16, 'imageurl': 'https://firebasestorage.googleapis.com/v0/b/vehicle-rental-2.appspot.com/o/vehicle_color%2FStreet%20Triple%20RS%20silver.jpg?alt=media&token=7f8fd842-ee05-428b-95ed-85bb0975045f'}, '2': {'count': 2, 'color': 'Crystal White', 'mileage': 17, 'imageurl': 'https://firebasestorage.googleapis.com/v0/b/vehicle-rental-2.appspot.com/o/vehicle_color%2FTriumph-Street-Triple-S-white.jpg?alt=media&token=7739c958-00aa-4c95-8deb-bc63605d6e8b'}}",Triumph Street Triple,,"Borivali, Kandivali, Virar, Vasai Road, Dadar, Bandra, Marine Lines, Nala Sopara, Bhayandar, Mahim, Churchgate, Thane",3200,140,Motorbike,,,
,5,Luxury,4.6,,,4,,"Borivali, Kandivali, Virar, Vasai Road, Dadar, Bandra, Marine Lines, Nala Sopara, Bhayandar, Mahim, Churchgate, Thane",sEEKqteOrKxQWoYZQdJs,https://firebasestorage.googleapis.com/v0/b/vehicle-rental-2.appspot.com/o/vehicle_images%2Fvehicle_79.jpeg?alt=media&token=bd30fa43-5659-4083-8459-af3120d279c0,"{'1': {'count': '1', 'color': 'Serenity White Pearl\u200b', 'mileage': '29', 'imageurl': 'https://firebasestorage.googleapis.com/v0/b/vehicle-rental-2.appspot.com/o/vehicle_color%2FHyundai_Tucson_Serenity%20White%20Pearl_.jpg?alt=media&token=6126415d-fa84-4885-878d-fe23f4f8aeb3'}, '2': {'color ': 'Amazon Gray\u200b', 'count': '2', 'mileage': '31', 'imageurl': 'https://firebasestorage.googleapis.com/v0/b/vehicle-rental-2.appspot.com/o/vehicle_color%2F1tucson-Amazon%20Gray_.jpg?alt=media&token=a938c724-7eb1-4185-bb84-664dedd4f797'}}",Hyundai Tucson,,"Borivali, Kandivali, Virar, Vasai Road, Dadar, Bandra, Marine Lines, Nala Sopara, Bhayandar, Mahim, Churchgate, Thane",6400,280,Car,,,
,2,Luxury,4.6,,,5,,"Borivali, Kandivali, Virar, Vasai Road, Dadar, Bandra, Marine Lines, Nala Sopara, Bhayandar, Mahim, Churchgate, Thane",sFiz2OBkcBOW3nnFQ2fp,https://firebasestorage.googleapis.com/v0/b/vehicle-rental-2.appspot.com/o/vehicle_images%2Fvehicle_50.jpeg?alt=media&token=2a6e2b18-3013-4171-b787-f05bf1775ae5,"{'1': {'count': 1, 'color': 'Black Storm Metallic', 'mileage': 60, 'imageurl': 'https://firebasestorage.googleapis.com/v0/b/vehicle-rental-2.appspot.com/o/vehicle_color%2FBMW%20C%20650%20GT-black.jpg?alt=media&token=a790d204-df71-4c45-bb8a-b5d72c600999'}, '2': {'count': 2, 'color': 'Light White\u200b', 'mileage': 55, 'imageurl': 'https://firebasestorage.googleapis.com/v0/b/vehicle-rental-2.appspot.com/o/vehicle_color%2FBMW%20C%20650%20GT%5B-white.jpg?alt=media&token=53527098-eb85-458c-9da3-16a6fc677dc7'}}",BMW C 650 GT,,"Borivali, Kandivali, Virar, Vasai Road, Dadar, Bandra, Marine Lines, Nala Sopara, Bhayandar, Mahim, Churchgate, Thane",1200,60,Scooter,,,
,5,Cheap,4.1,,,4,,"Borivali, Kandivali, Virar, Vasai Road, Dadar, Bandra, Marine Lines, Nala Sopara, Bhayandar, Mahim, Churchgate, Thane",shKhw2xmotOajIbNv6o9,https://firebasestorage.googleapis.com/v0/b/vehicle-rental-2.appspot.com/o/vehicle_images%2Fvehicle_24.jpeg?alt=media&token=ba79f9dc-c685-4ff9-816a-366860782f06,"{'1': {'count': 1, 'color': 'Calypso Red', 'mileage': 23, 'imageurl': 'https://firebasestorage.googleapis.com/v0/b/vehicle-rental-2.appspot.com/o/vehicle_color%2F2025-Hyundai-Sonata-red.jpg?alt=media&token=5da4681e-5033-430a-b6cf-08c2db0cbc58'}, '2': {'count': 2, 'color': 'Aero Silver Matte\u200b', 'mileage': 25, 'imageurl': 'https://firebasestorage.googleapis.com/v0/b/vehicle-rental-2.appspot.com/o/vehicle_color%2F2025-Hyundai-Sonata-silver.jpg?alt=media&token=5569b378-5025-450f-904d-d2afaaa1ecfc'}}",Hyundai Sonata,,"Borivali, Kandivali, Virar, Vasai Road, Dadar, Bandra, Marine Lines, Nala Sopara, Bhayandar, Mahim, Churchgate, Thane",2450,110,Car,,,
,2,Luxury,4.6,,,4,,"Borivali, Kandivali, Virar, Vasai Road, Dadar, Bandra, Marine Lines, Nala Sopara, Bhayandar, Mahim, Churchgate, Thane",sm0MaEVaC6MwhQSrn5JS,https://firebasestorage.googleapis.com/v0/b/vehicle-rental-2.appspot.com/o/vehicle_images%2Fvehicle_66.webp?alt=media&token=5b2ecfb6-a632-4a50-be49-cd141beef782,"{'1': {'count': 1, 'color': 'Orange', 'mileage': 19, 'imageurl': 'https://firebasestorage.googleapis.com/v0/b/vehicle-rental-2.appspot.com/o/vehicle_color%2Fktm-orange.jpg?alt=media&token=4407146a-685d-43d9-af5e-441d10c9020e'}, '2': {'count': 2, 'color': 'Black', 'mileage': 20, 'imageurl': 'https://firebasestorage.googleapis.com/v0/b/vehicle-rental-2.appspot.com/o/vehicle_color%2F2021-KTM-1290-Super-Duke-black.jpg?alt=media&token=4a788e7e-4378-490b-97d7-d79bd34d5826'}}",KTM 1290 Super Duke R,,"Borivali, Kandivali, Virar, Vasai Road, Dadar, Bandra, Marine Lines, Nala Sopara, Bhayandar, Mahim, Churchgate, Thane",2700,130,Motorbike,,,
,7,Luxury,4.7,,,3,,"Borivali, Kandivali, Virar, Vasai Road, Dadar, Bandra, Marine Lines, Nala Sopara, Bhayandar, Mahim, Churchgate",tBJBOjHZIqk52XdFNH1v,https://firebasestorage.googleapis.com/v0/b/vehicle-rental-2.appspot.com/o/vehicle_images%2Fvehicle_13.JPG?alt=media&token=0c466a04-a855-45db-be05-a8dbc0551dac,"{'1': {'count': 1, 'color': 'Sparkling Black Crystal Shine', 'mileage': 14, 'imageurl': 'https://firebasestorage.googleapis.com/v0/b/vehicle-rental-2.appspot.com/o/vehicle_color%2FToyota_Fortuner_Sparkling%20Black%20Crystal%20Shine.jpg?alt=media&token=f04b5bf9-9f4e-4537-8a96-0704acc9ec72'}, '2': {'count': 2, 'color': 'Platinum White Pearl', 'mileage': 12, 'imageurl': 'https://firebasestorage.googleapis.com/v0/b/vehicle-rental-2.appspot.com/o/vehicle_color%2Ffortuner-white.jpg?alt=media&token=66380d5d-eac3-413b-8be0-a33289d698b1'}}",Fortuner,,"Borivali, Kandivali, Virar, Vasai Road, Dadar, Bandra, Marine Lines, Nala Sopara, Bhayandar, Mahim, Churchgate",6900,300,Car,,,
,1,Cheap,4,,,9,,"Borivali, Kandivali, Virar, Vasai Road, Dadar, Bandra, Marine Lines, Nala Sopara, Bhayandar, Mahim, Churchgate, Thane",tcRMfEIE4w5TUptokxlm,https://firebasestorage.googleapis.com/v0/b/vehicle-rental-2.appspot.com/o/vehicle_images%2Fvehicle_60.jpeg?alt=media&token=83d2cc38-4d42-4aae-8267-06ef1dc4689c,,Pinarello Dogma F12,,"Borivali, Kandivali, Virar, Vasai Road, Dadar, Bandra, Marine Lines, Nala Sopara, Bhayandar, Mahim, Churchgate, Thane",500,22,Cycle,,,
,5,Cheap,4.2,,,3,,"Borivali, Kandivali, Virar, Vasai Road, Dadar, Bandra, Marine Lines, Nala Sopara, Bhayandar, Mahim, Churchgate, Thane",tyUeQELEOjnUJSEw0CWi,https://firebasestorage.googleapis.com/v0/b/vehicle-rental-2.appspot.com/o/vehicle_images%2Fvehicle_30.jpeg?alt=media&token=2f957fe2-5601-4e21-9199-8fd67c781836,"{'1': {'count': 1, 'color': 'Rhodium White Metallic', 'mileage': 26, 'imageurl': 'https://firebasestorage.googleapis.com/v0/b/vehicle-rental-2.appspot.com/o/vehicle_color%2Fmazda-cx5-white.jpg?alt=media&token=d53f7af4-94af-432b-a047-70efe0117061'}, '2': {'count': '2', 'color': 'Deep Crystal Blue Mica', 'mileage': '28', 'imageurl': 'https://firebasestorage.googleapis.com/v0/b/vehicle-rental-2.appspot.com/o/vehicle_color%2Fmazda-cx-5-Deep%20Crystal%20Blue%20Mica.jpg?alt=media&token=a91a5310-0c5c-4442-be67-30e2470e400d'}}",Mazda CX-5,,"Borivali, Kandivali, Virar, Vasai Road, Dadar, Bandra, Marine Lines, Nala Sopara, Bhayandar, Mahim, Churchgate, Thane",2200,100,Car,,,
,20,Cheap,4,,,2,,"Borivali, Kandivali, Virar, Vasai Road, Dadar, Bandra, Marine Lines, Nala Sopara, Bhayandar, Mahim, Churchgate, Thane",v5uBpgK0ZnGMV6EDaGaq,https://firebasestorage.googleapis.com/v0/b/vehicle-rental-2.appspot.com/o/vehicle_images%2Fvehicle_37.jpeg?alt=media&token=8ae48090-6424-4a41-851b-78e2baeb6ddf,"{'1': {'count': 1, 'color': 'White', 'mileage': 9, 'imageurl': 'https://firebasestorage.googleapis.com/v0/b/vehicle-rental-2.appspot.com/o/vehicle_color%2FScania%20OmniExpress-white.jpg?alt=media&token=81924664-5b41-4cd5-aa4d-d9de8ed2e684'}, '2': {'count': 2, 'color': 'Blue', 'mileage': 11, 'imageurl': 'https://firebasestorage.googleapis.com/v0/b/vehicle-rental-2.appspot.com/o/vehicle_color%2FScania%20OmniExpress-blue.jpg?alt=media&token=b666d8f4-670f-4287-a84d-3d3f12f92e60'}}",Scania OmniExpress,,"Borivali, Kandivali, Virar, Vasai Road, Dadar, Bandra, Marine Lines, Nala Sopara, Bhayandar, Mahim, Churchgate, Thane",12000,600,Bus,,,
,3,Cheap,3.9,,,3,,"Borivali, Kandivali, Virar, Vasai Road, Dadar, Bandra, Marine Lines, Nala Sopara, Bhayandar, Mahim, Churchgate, Thane",vXdZDrjfvPKU88aEt52J,https://firebasestorage.googleapis.com/v0/b/vehicle-rental-2.appspot.com/o/vehicle_images%2Fvehicle_96.jpeg?alt=media&token=53e92a91-bc4b-4179-bdb7-49ef663d8387,"{'1': {'count': 1, 'color': 'White', 'mileage': 7, 'imageurl': 'https://firebasestorage.googleapis.com/v0/b/vehicle-rental-2.appspot.com/o/vehicle_color%2Fmack_granite_white.jpg?alt=media&token=f540a450-f263-42a5-a8d6-577bc8ef1f2f'}, '2': {'count': 2, 'color': 'Red', 'mileage': 6, 'imageurl': 'https://firebasestorage.googleapis.com/v0/b/vehicle-rental-2.appspot.com/o/vehicle_color%2Fmack-granite-red.jpg?alt=media&token=0808fe3f-6c79-49bd-bfc0-612aedbc95e2'}}",Mack Granite,,"Borivali, Kandivali, Virar, Vasai Road, Dadar, Bandra, Marine Lines, Nala Sopara, Bhayandar, Mahim, Churchgate, Thane",5600,260,Truck,,,
,2,Luxury,5,,,3,,"Borivali, Kandivali, Virar, Vasai Road, Dadar, Bandra, Marine Lines, Nala Sopara, Bhayandar, Mahim, Churchgate, Thane",vmR75poo15jx7oxkbIIP,https://firebasestorage.googleapis.com/v0/b/vehicle-rental-2.appspot.com/o/vehicle_images%2Fvehicle_32.jpeg?alt=media&token=96fcb616-e665-441d-a417-b8a4735f6ac4,"{'1': {'count': 1, 'color': 'Guards Red\u200b', 'mileage': 17, 'imageurl': 'https://firebasestorage.googleapis.com/v0/b/vehicle-rental-2.appspot.com/o/vehicle_color%2FPorsche-911-Guards%20Red.jpg?alt=media&token=f2753dde-4942-4208-9045-70876aa9b6c6'}, '2': {'count': 2, 'color': 'Vanadium Grey Metallic', 'mileage': 18, 'imageurl': 'https://firebasestorage.googleapis.com/v0/b/vehicle-rental-2.appspot.com/o/vehicle_color%2Fporsche_911_Vanadium%20Grey%20Metallic.jpg?alt=media&token=ea6f7d69-e1b1-416c-9466-029c446f1c6c'}}",Porsche 911,,"Borivali, Kandivali, Virar, Vasai Road, Dadar, Bandra, Marine Lines, Nala Sopara, Bhayandar, Mahim, Churchgate, Thane",6300,280,Car,,,
,2,Cheap,4,,,7,,"Borivali, Kandivali, Virar, Vasai Road, Dadar, Bandra, Marine Lines, Nala Sopara, Bhayandar, Mahim, Churchgate, Thane",vv415bUJV5vJXENGvZDl,https://firebasestorage.googleapis.com/v0/b/vehicle-rental-2.appspot.com/o/vehicle_images%2Fvehicle_47.jpeg?alt=media&token=dee69e1c-6d1a-4eee-b0fe-f4a7bdf5c7b4,"{'1': {'count': 1, 'color': 'Black', 'mileage': 67, 'imageurl': 'https://firebasestorage.googleapis.com/v0/b/vehicle-rental-2.appspot.com/o/vehicle_color%2FAGILITY_black.jpg?alt=media&token=ab5e3fe7-834c-47f5-bb6c-9e9c2c3c7aba'}, '2': {'count': 2, 'color': 'Blue', 'mileage': 70, 'imageurl': 'https://firebasestorage.googleapis.com/v0/b/vehicle-rental-2.appspot.com/o/vehicle_color%2Fagility_blue%2Cjpg.webp?alt=media&token=30691199-fcc1-4067-a7aa-b46aeddce90a'}}",Kymco Agility,,"Borivali, Kandivali, Virar, Vasai Road, Dadar, Bandra, Marine Lines, Nala Sopara, Bhayandar, Mahim, Churchgate, Thane",900,45,Scooter,,,
,5,Luxury,4.3,,,3,,"Borivali, Kandivali, Virar, Vasai Road, Dadar, Bandra, Marine Lines, Nala Sopara, Bhayandar, Mahim, Churchgate, Thane",xdyVev3oRFSokktbnRs9,https://firebasestorage.googleapis.com/v0/b/vehicle-rental-2.appspot.com/o/vehicle_images%2Fvehicle_88.webp?alt=media&token=005d667e-9861-4a0e-981b-125b3b91af39,"{'1': {'count': 1, 'color': 'Red Multi-Coat\u200b', 'mileage': 70, 'imageurl': 'https://firebasestorage.googleapis.com/v0/b/vehicle-rental-2.appspot.com/o/vehicle_color%2Ftesla-red.jpg?alt=media&token=72942ffe-8722-4d61-8769-12693a3e1955'}, '2': {'count': 3, 'color': 'Blue', 'mileage': 80, 'imageurl': 'https://firebasestorage.googleapis.com/v0/b/vehicle-rental-2.appspot.com/o/vehicle_color%2FTesla%20Model-blue.jpg?alt=media&token=ebd99f27-3547-4f24-8f6a-5df3f596b492'}}",Tesla Model S,,"Borivali, Kandivali, Virar, Vasai Road, Dadar, Bandra, Marine Lines, Nala Sopara, Bhayandar, Mahim, Churchgate, Thane",7600,330,Car,,,
,2,Cheap,4,,,5,,"Borivali, Kandivali, Virar, Vasai Road, Dadar, Bandra, Marine Lines, Nala Sopara, Bhayandar, Mahim, Churchgate, Thane",xmRQ2Wm5fKy6heAKu4RA,https://firebasestorage.googleapis.com/v0/b/vehicle-rental-2.appspot.com/o/vehicle_images%2Fvehicle_51.jpeg?alt=media&token=8879bda5-0e2c-40ab-9579-2a67ff2ae929,"{'1': {'count': '2', 'color': 'Deep Ocean Blue', 'mileage': '35', 'imageurl': 'https://firebasestorage.googleapis.com/v0/b/vehicle-rental-2.appspot.com/o/vehicle_color%2Fpeugeot-deep-ocean-blue.jpg?alt=media&token=8139a1ec-91f4-43ba-a62e-4884bf8ea123'}, '2': {'count': 3, 'color': 'Blue France', 'mileage': 37, 'imageurl': 'https://firebasestorage.googleapis.com/v0/b/vehicle-rental-2.appspot.com/o/vehicle_color%2FS0-essai-peugeot-django-france-blue.jpg?alt=media&token=01e0dc1a-b754-42d7-a10c-a5d7e95cdfc8'}}",Peugeot Django,,"Borivali, Kandivali, Virar, Vasai Road, Dadar, Bandra, Marine Lines, Nala Sopara, Bhayandar, Mahim, Churchgate, Thane",950,95,Scooter,,,
,2,Luxury,4.3,,,5,,"Borivali, Kandivali, Virar, Vasai Road, Dadar, Bandra, Marine Lines, Nala Sopara, Bhayandar, Mahim, Churchgate, Thane",yvbIOtcf6ki3mCj6DjCY,https://firebasestorage.googleapis.com/v0/b/vehicle-rental-2.appspot.com/o/vehicle_images%2Fvehicle_63.webp?alt=media&token=7a492102-aac6-4baa-90c7-f0e5ac2421cf,"{'1': {'count': 1, 'color': 'Light White M Motorsport', 'mileage': 17, 'imageurl': 'https://firebasestorage.googleapis.com/v0/b/vehicle-rental-2.appspot.com/o/vehicle_color%2FBMW-S-1000-RR-white.jpg?alt=media&token=a3a1d992-22fc-4b29-8d0b-161029122501'}, '2': {'count': 2, 'color': 'Black Storm Metallic', 'mileage': 16, 'imageurl': 'https://firebasestorage.googleapis.com/v0/b/vehicle-rental-2.appspot.com/o/vehicle_color%2Fbmw-s-1000-rr-black.jpg?alt=media&token=af361cba-d5f4-4132-8d34-81b3002aa53d'}}",BMW S 1000 RR,,"Borivali, Kandivali, Virar, Vasai Road, Dadar, Bandra, Marine Lines, Nala Sopara, Bhayandar, Mahim, Churchgate, Thane",2500,120,Motorbike,,,
,5,Luxury,4.5,,,3,,"Borivali, Kandivali, Virar, Vasai Road, Dadar, Bandra, Marine Lines, Nala Sopara, Bhayandar, Mahim, Churchgate, Thane",ywEBkkHUrBlsYSuH8z1l,https://firebasestorage.googleapis.com/v0/b/vehicle-rental-2.appspot.com/o/vehicle_images%2Fvehicle_77.jpeg?alt=media&token=4a75b9e4-3499-4930-a3bc-25134b43a419,"{'1': {'count': 2, 'color': 'Red', 'mileage': 42, 'imageurl': 'https://firebasestorage.googleapis.com/v0/b/vehicle-rental-2.appspot.com/o/vehicle_color%2FFord-Escape-Red.jpg?alt=media&token=aaa8255e-0427-4c78-9642-2a341ab090da'}, '2': {'count': 3, 'color': 'Blue', 'mileage': 36, 'imageurl': 'https://firebasestorage.googleapis.com/v0/b/vehicle-rental-2.appspot.com/o/vehicle_color%2F2025-Ford-Escape-blue.jpg?alt=media&token=7f404664-62bf-471c-b38a-f8dfcf8fc280'}}",Ford Escape,,"Borivali, Kandivali, Virar, Vasai Road, Dadar, Bandra, Marine Lines, Nala Sopara, Bhayandar, Mahim, Churchgate, Thane",7450,340,Car,,,
,20,Luxury,4.4,,,2,,"Borivali, Kandivali, Virar, Vasai Road, Dadar, Bandra, Marine Lines, Nala Sopara, Bhayandar, Mahim, Churchgate, Thane",z1dXhFLFCJL5beJRyuvS,https://firebasestorage.googleapis.com/v0/b/vehicle-rental-2.appspot.com/o/vehicle_images%2FNeoplan-Tourliner.png?alt=media&token=0cfc1956-7e72-4dd2-8992-8214082f5f3c,"{'1': {'count': 1, 'color': 'White', 'mileage': 6, 'imageurl': 'https://firebasestorage.googleapis.com/v0/b/vehicle-rental-2.appspot.com/o/vehicle_color%2FTest-Drive-Neoplan-Tourliner-white.jpg?alt=media&token=df85140b-e30b-4194-8880-dbc7823fa5cb'}, '2': {'count': 1, 'color': 'Navy blue', 'mileage': 7, 'imageurl': 'https://firebasestorage.googleapis.com/v0/b/vehicle-rental-2.appspot.com/o/vehicle_color%2FNeoplan%20Tourliner-navy-blue.jpg?alt=media&token=3f7f67e5-4620-4e56-ae7e-3388fd581d82'}}",Neoplan Tourliner,,"Borivali, Kandivali, Virar, Vasai Road, Dadar, Bandra, Marine Lines, Nala Sopara, Bhayandar, Mahim, Churchgate, Thane",21000,975,Bus,,,
,20,Luxury,4.4,,,1,,"Borivali, Kandivali, Virar, Vasai Road, Dadar, Bandra, Marine Lines, Nala Sopara, Bhayandar, Mahim, Churchgate, Thane",zkIbqXmkfACvxjzTjzrb,https://firebasestorage.googleapis.com/v0/b/vehicle-rental-2.appspot.com/o/vehicle_images%2Fvehicle_98.jpg?alt=media&token=d286d497-ee09-4aec-b778-2699dfe4c530,"{'1': {'count': 1, 'color': 'Red', 'mileage': 5, 'imageurl': 'https://firebasestorage.googleapis.com/v0/b/vehicle-rental-2.appspot.com/o/vehicle_color%2FAlexander%20Dennis%20Enviro400-red.jpg?alt=media&token=83bd8c5a-ed3b-4c12-893f-bd355d405177'}, '2': {'count': 2, 'color': 'Black', 'mileage': 6, 'imageurl': 'https://firebasestorage.googleapis.com/v0/b/vehicle-rental-2.appspot.com/o/vehicle_color%2FAlexander%20Dennis%20Enviro400-black.jpg?alt=media&token=69e0a4d9-0449-4728-9fb2-755066e3ef43'}}", Alexander Dennis Enviro400,,"Borivali, Kandivali, Virar, Vasai Road, Dadar, Bandra, Marine Lines, Nala Sopara, Bhayandar, Mahim, Churchgate, Thane",19000,850,Bus,,,
